"id","tc_in","tc_out","duration_s","lyric","refs","prompt_en","prompt_zh","negative"
"S001","00:00:00","00:13:06","13.250","","CHAR_RESTORER CHAR_NAVIGATOR PROP_COMPASS PROP_GLOVES PROP_COAT LOC_GALLERY LOC_DECK","Extreme close-up, 100mm macro, lens 1.18 m high, axis square to the south face of a frameless museum vitrine at night; motion-control push-in of only 2% over 13 s, never stopping; 24 fps. Fade up from black over 0.5 s. At 1.2 s the slim gloved right hand of RESTORER, a ~28-year-old East Asian woman conservator (thin warm-white cotton glove, ribbed wrist, faint grey-brown brass smudge on index fingertip and thumb, edge of her charcoal wool coat cuff), enters from frame right, fingertips on the dusty glass, wiping a slow arc leftward; at 3 s a few sea-salt crystals glint beyond the cleared band; at 4.5 s her fingertips stop. At 6.6 s focus drifts through the glass into its dark mirror depth: the LEFT hand of NAVIGATOR, a ~35-year-old 17th-century seaman (large, thick-knuckled, rope-callused, cracked fingertips, white salt crystals between the fingers, faded indigo cuff), rises out of deep navy, palm toward the glass, and stops one finger-width from her hand at 11 s, not touching. He exists only inside the glass. Light: one narrow 3000K pin spot inside the vitrine; near-black navy behind; the soft glint of an aged brass compass far below. Modern night grade (neutral-cool, deep-blue shadows never cyan); the hand in the glass keeps the navigator-era warm-cool split; fine 35mm grain, 2.39:1, no text.","极近特写，100mm 微距，镜头高 1.18 米，光轴垂直于夜间博物馆无框展柜的南侧玻璃面；运动控制 13 秒内只推进约 2%，匀速不停；24 fps。0.5 秒内由黑场淡入。1.2 秒，修复师（约 28 岁东亚女性文物修复师）纤细的右手入画——戴略暖白的薄棉修复手套、罗纹腕口，食指与拇指指尖一点浅灰褐的黄铜污迹，画右边缘露出深灰羊毛呢外套的袖口——指尖贴着蒙尘的玻璃，从画右向画左缓缓擦出一道弧线；3 秒，擦净的清洁带另一侧闪过几粒海盐结晶；4.5 秒，指尖停住。6.6 秒，焦点缓缓穿过玻璃，进入它幽暗的镜像深处：航海人（约 35 岁，17 世纪远洋帆船上的火长）的左手从深蓝暗处升起——手大、指节粗、掌心有缆绳磨出的厚茧、指尖干裂、指缝里结着白色细盐，袖口是褪色的靛蓝粗布——掌心朝向玻璃，11 秒停在她的手前约一指宽处，尚未重合。他只存在于玻璃之中。光：展柜内一盏 3000K 窄角射灯；玻璃后是近黑的深蓝绒布，画面下方远处一点旧黄铜罗盘柔和的反光。现代夜间调色（中性偏冷，暗部深蓝、绝不偏青）；玻璃里的那只手保留航海时代的冷暖对比；细腻 35mm 颗粒，2.39:1，无任何文字。","visible seam or jump at 6.5 s, the navigator's hand passing through the glass or casting a shadow in the gallery, translucent ghost arm or body behind the hand, navigator's RIGHT hand or any visible cuff patch, restorer's bare fingers, optical-white or blue-white glove, glove without the brass smudge, two hands merging or morphing, one hand completely hidden behind the other, compass sharp and competing with the hands, fingerprint smears forming letters, cyan or green glass tint, cool LED spot colour, zoom, rotation, camera shake"
"S002","00:13:06","00:21:03","7.875","千年","CHAR_RESTORER CHAR_GUARD CHAR_NAVIGATOR PROP_COMPASS PROP_SHIPLAMP PROP_GLOVES PROP_COAT PROP_FLASHLIGHT LOC_GALLERY LOC_DECK","Extreme close-up easing into a slow pull-back to MCU, 100mm macro, lens 1.18 m, square to a museum vitrine's glass; motion control, one continuous take, 24 fps. 0-1.9 s: the slim gloved right hand of RESTORER, ~28-year-old East Asian woman conservator (thin warm-white cotton glove, brass smudge on the index tip, charcoal wool coat cuff), and, inside the glass, the larger salt-crusted LEFT hand of NAVIGATOR, ~35-year-old 17th-century seaman (thick knuckles, rope calluses, cracked fingertips, faded indigo cuff), close until at 1.9 s they almost coincide palm to palm, 3-5 mm apart, centred low-middle. 2.3 s: her fingertips tremor once; his hand stays still. 3.4 s: she lifts her hand away to frame right and the camera eases into a slow 1.2 m retreat. 4.2 s: focus racks into the mirror depth; his hand recedes as the reflection opens into a deep-navy night sea, a horn-paned stern lantern swinging over heavy swell at the pane's upper left; through the glass, the quiet gallery and an aged brass compass under a 3000K spot; her faint silhouette on the glass at right. 6.2 s: a distant 4000K flashlight beam sweeps right to left once, the guard only an unresolved blur. Modern night grade (neutral-cool, never cyan); the sea in the glass keeps the navigator-era warm-cool split; fine 35mm grain, 2.39:1, no text.","极近特写缓缓转为后退至中近景，100mm 微距，镜头高 1.18 米，正对夜间博物馆无框展柜的玻璃；运动控制，一镜到底，24 fps。0–1.9 秒：修复师（约 28 岁东亚女性文物修复师）戴略暖白薄棉手套的纤细右手（食指指尖一点黄铜污迹，深灰羊毛呢外套袖口），与玻璃之中航海人（约 35 岁，17 世纪火长）更大的、带盐的左手（指节粗、掌心缆绳厚茧、指尖干裂、褪色靛蓝袖口）继续靠近，1.9 秒时掌心相对、几乎完全重合，只差 3–5 毫米，位于画面中央偏下。2.3 秒：她的指尖下意识轻轻一颤；他的手纹丝不动。3.4 秒：她把手从玻璃上移开、退出画右，摄影机以缓入转为约 1.2 米的缓慢后退。4.2 秒：焦点移进镜像深处——他的手退远，反射展开成一片深蓝夜海，一盏角片艉灯在沉重的涌浪上摇晃，位于这块玻璃的左上方；透过玻璃，是安静的现代展厅和 3000K 射灯下一枚旧黄铜罗盘；她淡淡的身影浮在玻璃右侧。6.2 秒：远处一道 4000K 手电光束由画右向画左扫过一次，夜班工作人员只是一团看不清的模糊身影。现代夜间调色（中性偏冷、绝不偏青）；玻璃里的海保留航海时代的冷暖对比；细腻 35mm 颗粒，2.39:1，无任何文字。","jump at the seam with S001, hands morphing or fusing through the glass, ghost body standing in the gallery, the sea seen outside the glass instead of in its reflection, unmirrored or pasted-on reflection, reflection fading out globally, electric bulb in the stern lantern, blue streak flare, the restorer's body blocking the vitrine during the pull-back, guard's face or figure in focus, flashlight sweeping more than once or left-to-right, compass needle moving, zoom instead of a dolly retreat, wobble"
"S003","00:21:03","00:28:10","7.292","有多远","PROP_COMPASS PROP_SHIPLAMP LOC_GALLERY LOC_DECK","Close-up, 75mm anamorphic, lens about 1.2 m high, slight high angle; the camera, carrying the retreat's momentum, arcs 15 degrees to the right around a frameless museum vitrine and creeps in toward the object; 24 fps. At 0.5 s, as the arc begins, the reflected deep-navy night sea and swinging horn-paned ship lantern in the glass start sliding sideways across the pane, by changing angle, not fading, and at 1.8 s slip past the glass edge and vanish. By 2.9 s only the object remains: a 17th-century brass mariner's compass in its museum state, stabilised chocolate-brown patina with honey high points, blue-green verdigris in the deepest grooves, an engraved bearing ring and drilled star points, a crack across the mica cover near the north-west edge, the red-lacquered south tip of the blued needle still pointing south toward lower left, tilted 15 degrees on a clear acrylic cradle over near-black navy velvet. At 4.9 s the camera settles and holds. Light: one narrow 3000K pin spot from directly above inside the vitrine; a cool moonlit edge on the glass. Engraved marks stay soft. Modern night grade: neutral-cool, deep-blue shadows never cyan, moon-silver highlights; fine 35mm grain, 2.39:1, no text.","近景，75mm 变形镜头，镜头高约 1.2 米，略俯；摄影机承接后退的余势，绕夜间博物馆无框展柜向右弧移约 15°，并缓缓向展品推近；24 fps。0.5 秒弧移开始，玻璃里反射的深蓝夜海与摇晃的角片船灯开始沿玻璃横向滑走——靠角度变化，不是淡出——1.8 秒滑过玻璃边缘、消失。2.9 秒，画面里只剩那件东西：一枚 17 世纪黄铜罗盘的博物馆状态——经稳定化处理的巧克力褐包浆、高点保留蜂蜜色，最深的刻槽里有蓝绿色铜绿，二十四向刻字圈与钻孔星点，云母片在西北（乾位）边缘一道裂纹，发蓝钢针南端那滴朱红漆仍指着南、朝向画左下——倾斜 15° 躺在透明亚克力托架上，下衬近黑的深蓝绒布。4.9 秒摄影机停稳、保持。光：展柜内正上方一盏 3000K 窄角射灯；玻璃边缘一线冷月光。刻字保持柔和。现代夜间调色：中性偏冷，暗部深蓝、绝不偏青，高光月光银；细腻 35mm 颗粒，2.39:1，无任何文字。","reflection fading or dissolving instead of sliding off by angle, sea or lantern still visible after 1.8 s, ghost overlay, compass in its fresh golden in-use state, intact mica, missing verdigris, needle not pointing south or moving, wrong or AI-invented bearing characters in sharp focus, red or beige lining instead of navy velvet, vitrine label or plaque text, several spotlights, cool LED spot, camera shake, whip pan"
"S004","00:28:10","00:31:16","3.250","海图泛黄","CHAR_RESTORER PROP_CHART PROP_GLOVES LOC_GALLERY","Insert, 50mm anamorphic, camera overhead looking down through the horizontal glass top of a museum flat case at night, axis square to the chart's gently tilted board, polariser killing glare; locked with an imperceptible descending push (about 3% over 3.2 s); 24 fps. Filling the frame: a yellowed early-17th-century Chinese needle-route sea chart on a mulberry-paper handscroll in its museum state, paper #CDB98C with brown foxing, edge losses mended with slightly paler toned tissue, soft fold lines and visible fibres; a fictional coastline drawn as little mountain-profile islands and ink-dot reefs over pale indigo water, a twin-peaked islet at 62% across and 40% down, a fine dotted route line; tiny brush annotations soft and illegible; two clear acrylic strips hold the left end and the top edge. In the first frame a gloved fingertip of RESTORER (thin warm-white cotton glove, faint brass smudge) rests on the glass at lower right; at 0.2 s it lifts and by 1.1 s has withdrawn out of frame, leaving a fading smudge of reflection. Light: dimmed 3000K case light, a thin line of cool moonlight along the glass edge. Modern night grade: neutral-cool, deep-blue shadows never cyan, moon-silver highlights; fine 35mm grain, 2.39:1, no text.","插入镜头，50mm 变形镜头，摄影机在上方透过博物馆平柜的水平玻璃面向下拍，光轴垂直于海图下那块微倾的卡板，用偏振镜消除反光；锁定，几乎察觉不到地向下推进（3.2 秒内约 3%）；24 fps。占满画面的是一张泛黄的 17 世纪上半叶针路图，桑皮纸手卷的博物馆状态：纸色 #CDB98C，满布褐色霉斑，边缘缺损处用颜色略浅的调色和纸修补，折痕柔软，纸纤维可见；一段虚构的海岸线以山形立面画法画成小小的岛屿侧影，墨点为礁，水面淡花青晕染，一座双峰小岛位于横向 62%、纵向 40% 处，一条细墨点航线；小楷注记柔和、不可读；两条透明亚克力压条压住左端与上边。第一帧里，修复师戴略暖白薄棉手套的指尖（一点黄铜污迹）停在画右下的玻璃上；0.2 秒抬起，1.1 秒前退出画面，只留下一点渐淡的反光。光：调暗的 3000K 柜内光，玻璃边缘一线冷月光。现代夜间调色：中性偏冷，暗部深蓝、绝不偏青，高光月光银；细腻 35mm 颗粒，2.39:1，无任何文字。","legible or fake Chinese characters on the chart, European compass rose, keystoned or skewed chart, glare hot-spots on the glass, chart corners moving, fresh cream paper (this is the aged museum state), yellow-green or sepia cast, red route line, bare finger, fingertip lingering after 1.1 s, label or plaque text, visible case frame logos"
"S005","00:31:16","00:34:12","2.833","暮色深蓝","PROP_CHART PROP_SHIPLAMP LOC_CABIN","Insert, 50mm anamorphic, straight overhead onto the chart table in the cramped stern cabin of a 17th-century Chinese ocean-going junk at dusk; the camera rides the ship's slow 7-second roll with a faint sway; shot at 48 fps for 50% slow motion. Matching the museum frame exactly: the same needle-route chart in use, fresher cream paper #DCCDA6 with crisp ink, softened by handling, corners curling, one candle-wax drip, the twin-peaked islet at 62% across and 40% down; two small brass weights sit exactly where the acrylic strips were, on the left end and the top edge, and a round grey stone pins the lower-left corner; the lower-right corner is free. Warm 1950K light from a horn-paned cabin lantern swinging overhead slides slowly across the paper; cool dusk blue from the barred stern window lays a vertical stripe at frame right. At 1.1 s a gust from the stern window at frame right lifts the free lower-right corner; the paper curls up, flutters and settles back in slow motion. Smoke-dark wood at the edges, annotations illegible. Navigator-era grade: strongest warm-cool split, deep-blue sea and sky against amber lamplight, greens muted; fine 35mm grain, 2.39:1, no text.","插入镜头，50mm 变形镜头，正俯拍 17 世纪远洋帆船艉部狭小针房里的海图桌，暮色；摄影机随船体约 7 秒一周期的起伏轻轻晃动；48 fps 拍摄，50% 慢动作。与博物馆画面严格对位：同一张针路图在使用中——纸色较新的米色 #DCCDA6、墨色清楚，却已被手翻软、四角卷起，有一处烛泪，双峰小岛位于横向 62%、纵向 40%；两块小铜镇纸恰好放在亚克力压条的位置——左端与上边——一块灰色圆石压住左下角；右下角空着。头顶摆动的角片舱灯 1950K 暖光在纸面上缓缓移过；艉墙直棂小窗透进的暮色冷蓝在画右投下一道竖条。1.1 秒，一阵风从画右的艉窗灌入，掀起空着的右下纸角；纸卷起、颤动，再以慢动作落回原处。画边是被烟熏深的木头，注记不可读。航海时代调色：全片最强的冷暖对比，深蓝的海与天对琥珀色灯光，绿色压低；细腻 35mm 颗粒，2.39:1，无任何文字。","brand-new pristine paper, aged foxing (that is the museum state), weights or stone in the wrong place, corner lifting on the left or top, whole chart blowing away, European compass rose, legible or fake characters, electric light, modern objects, chart misaligned with the S004 frame, jerky speed ramp, flame streak flare, cyan dusk"
"S006","00:34:12","00:40:04","5.667","有人把星辰／刻进黄铜的圆盘","CHAR_NAVIGATOR PROP_COMPASS PROP_SHIPLAMP LOC_CABIN","Extreme close-up, 100mm macro at T5.6-T8, slight high angle grazing the face of a brass mariner's compass in the stern cabin of a 17th-century junk; camera locked, only riding the ship's gentle roll; 24 fps. The compass in its in-use state: warm golden brass #B8925A, soot and grease in the engraved grooves, eight trigram bars, a ring of 24 engraved bearings, an outer ring of tiny drilled star points linked by hair-fine lines, a silver-inlaid pole star, intact golden mica over the blued needle with its red-lacquered south tip, white salt bloom on the rim. The light moves, not the camera: one warm glint from the swinging horn-paned lantern (1950K, overhead) travels along the star ring; at 1.7 s it crosses the star points. At 2.5 s the right thumb of NAVIGATOR enters, a ~35-year-old seaman's large, cracked, rope-callused thumb with salt in the creases, slowly wipes salt from the rim at the south mark and withdraws by 4.0 s, leaving the brass bright; at 4.7 s the glint comes to rest on that south mark. The rim is the brightest line. Engraved marks stay soft. Navigator-era grade: strongest warm-cool split, deep-blue sea and sky against amber lamplight, greens muted; fine 35mm grain, 2.39:1, no text.","极近特写，100mm 微距，T5.6–T8，略俯、贴着 17 世纪远洋帆船艉部针房里一枚黄铜罗盘的盘面；摄影机锁定，只随船体轻微起伏；24 fps。罗盘为当年状态：温暖的金黄铜色 #B8925A，刻槽里积着烟灰与油污，八卦刻线、二十四向刻字一圈、外圈二十八处钻孔小星点以极细刻线相连、一颗嵌银的北辰，完整的微金色云母片下是发蓝钢针、南端一滴朱红漆，口沿有白色盐霜。动的是光，不是摄影机：头顶摆动的角片舱灯（1950K）投下一点暖光，沿星点外圈移动；1.7 秒掠过星点。2.5 秒，航海人（约 35 岁）粗大、干裂、带缆绳老茧、纹路里嵌着盐的右手拇指入画，沿南向（午位）口沿缓缓抹去一层盐霜，4.0 秒前收回，铜面露出亮色；4.7 秒那点暖光停在这一处南向口沿上。口沿是画面最亮的线。刻字保持柔和。航海时代调色：全片最强的冷暖对比，深蓝的海与天对琥珀色灯光，绿色压低；细腻 35mm 颗粒，2.39:1，无任何文字。","camera moving instead of the light, glint jumping or flickering, a modern compass rose or Western letters, wrong or AI-invented characters in sharp focus, verdigris or cracked mica (museum state), needle swinging, thumb with clean manicured nail, left thumb, plastic hyper-sharp macro, oversaturated gold, electric light"
"S007","00:40:04","00:44:19","4.625","你把半生／交给一张帆","CHAR_NAVIGATOR PROP_SHIPLAMP LOC_CABIN LOC_DECK","Medium close-up rising into a vertical reveal, 32mm anamorphic, crane, 24 fps. In a cramped smoke-blackened stern cabin with 1.65 m headroom: NAVIGATOR, a ~35-year-old East Asian compass-keeper of a 17th-century junk: long sun-weathered face, high cheekbones, deep-set dark-brown eyes with deep sun creases, short neat beard bleached brown by salt, a pale 1.5 cm scar at the tail of his LEFT eyebrow, topknot wrapped in an indigo head-cloth (no queue), faded indigo cross-collar cotton jacket, stoops under a low beam, warm swinging 1950K horn-lantern light on his face, gaze tired and steady. At 1.6 s he lifts his eyes to the open square hatch overhead; the camera leaves his face and rises straight up along his eyeline, slowly, past the dark beam and through the 70 cm hatch frame into dusk-blue backlight, and at 3.8 s a towering rust-ochre battened junk sail fills the frame overhead against a deep twilight sky, bamboo battens dividing it into bellied panels, wind pressing it full. Focus follows: face, beam, sail. Real skin with pores and salt, no modern objects. Navigator-era grade: strongest warm-cool split, deep-blue sea and sky against amber lamplight, greens muted; fine 35mm grain, 2.39:1, no text.","中近景升起为竖直揭示，32mm 变形镜头，伸缩摇臂，24 fps。在烟熏发黑、净高只有 1.65 米的狭小艉舱里：航海人——约 35 岁的东亚男性，17 世纪远洋帆船上的火长：长脸、风吹日晒、颧骨突出、眼窝略深的深褐眼睛带着很深的日晒纹，短而整齐、被盐漂浅成褐色的胡须，左眉尾一道约 1.5 厘米的浅白旧疤，发髻裹着靛蓝布头巾（不留辫），穿褪色的靛蓝右衽交领粗棉短褂——弯腰站在低矮的横梁下，摆动的角片舱灯 1950K 暖光落在脸上，目光疲惫而稳定。1.6 秒，他抬眼望向头顶打开的方形舱口；摄影机离开他的脸，沿他的视线竖直、缓慢地升起，越过黑色横梁，穿过 70 厘米见方的舱口，进入暮蓝的逆光；3.8 秒，一面高耸的锈赭色竹篾横撑硬帆在头顶展开、填满画面，背后是深暮色的天，竹篾把帆分成一格一格鼓起的弧面，风把它撑满。焦点随行：脸、横梁、帆。真实皮肤带毛孔与盐，无现代物件。航海时代调色：全片最强的冷暖对比，深蓝的海与天对琥珀色灯光，绿色压低；细腻 35mm 颗粒，2.39:1，无任何文字。","Qing queue or shaved forehead, clean modern haircut, missing eyebrow scar or scar on the right brow, cloth sail without battens, Western square-rigged sails, portholes, electric light, fast drone swoop, whip tilt, visible seam at the hatch, camera passing through solid wood, glossy plastic skin, steady studio lighting without the lantern swing"
"S008","00:44:19","00:48:07","3.500","去问天地／何处是心安","PROP_SHIPLAMP LOC_DECK","Extreme wide, 28mm spherical aerial, high and steady, slowly pulling back and rising, horizon dead level, 24 fps. A three-masted 17th-century Chinese ocean-going junk, tiny on a vast deep-blue South China Sea at dusk after sunset: huge rust-ochre battened sails bellied in segments, painted eyes on the bow, bow heading frame right, a long heavy 2-3 m swell with silver crests, spray and salt mist at the bow. Towering cumulus with the last warm light on their tops; zenith near-black navy #0E1B30; a faint warm line along the horizon. On the far left horizon a low black coastline holds one tiny warm 1900K light; at 2.4 s it flickers once. No clear human figure: the only human traces are an amber square of lantern light from the open cabin hatch on the stern deck and a single dot of a helmsman under the lit stern lantern, together under 2% of frame. The sea is real and heavy. Crest highlights moon-silver, never pure white; no fast drone swoop. Navigator-era grade: strongest warm-cool split, deep-blue sea and sky against amber lamplight, greens muted; fine 35mm grain, 2.39:1, no text.","大远景，28mm 球面镜头航拍，高而稳，缓慢后拉并上升，地平线绝对水平，24 fps。一艘 17 世纪的三桅远洋帆船，在日落之后暮色深蓝的南海上显得极小：巨大的锈赭色竹篾横撑硬帆一格一格地鼓起，船首画着船眼，船首朝画右，2–3 米的长涌浪沉重而有体积，浪尖银亮，船首切开白沫与盐雾。高耸的积云顶端残留最后一点暖光；天顶近黑的深蓝 #0E1B30；地平线上一线极淡的残暖。画左远处的地平线上，一段低矮的黑色海岸线上只有一点极小的 1900K 暖灯；2.4 秒时它闪了一下。甲板上没有清晰的人影：唯一的人的痕迹，是艉部甲板上打开的舱口透出的一格琥珀色灯光，以及亮着的艉灯下一个掌舵人的小点，二者合计不到画面的 2%。海洋真实而沉重。浪尖高光是月光银而非纯白；禁止航拍式快速掠过。航海时代调色：全片最强的冷暖对比，深蓝的海与天对琥珀色灯光，绿色压低；细腻 35mm 颗粒，2.39:1，无任何文字。","shore or lights on the right side, bow heading left, sun disk in frame, orange sunset sky, Western galleon or square sails, multiple ships, modern boats, lighthouse, tilted or curved horizon, fisheye bulge, fast swoop or banking, cartoon water, flat glassy sea, pure white wave tops, crowded deck, large readable figure"
"S009","00:48:07","00:50:00","1.708","那根针／认得南","PROP_COMPASS PROP_SHIPLAMP LOC_CABIN","Extreme close-up, 100mm macro at T8, straight down onto the needle well of a brass mariner's compass in a 17th-century ship's cabin; camera locked to the ship, riding a faint roll; 24 fps. Under a thin, slightly golden mica cover, the 3.6 cm blued-steel dry-pivot needle on its fine brass pin swings in two or three shrinking arcs, about 8 degrees, then 4, then 1, and at 1.5 s stops dead, the drop of red lacquer on its south tip aligned exactly on the south bearing, pointing to lower left. Around it, warm golden brass with soot in the grooves and the engraved bearing ring soft at the frame edge. The pivot pin sits at 46% across and 50% down; the needle spans about 60% of frame height. Light: swinging 1950K horn-lantern warmth across the brass from upper left, a cool twilight-blue line along the needle from the stern window. Engraved marks soft, no plastic macro sharpness. Navigator-era grade: strongest warm-cool split, deep-blue sea and sky against amber lamplight, greens muted; fine 35mm grain, 2.39:1, no text.","极近特写，100mm 微距，T8，正俯拍 17 世纪船舱里一枚黄铜罗盘的针池；摄影机与船体固定，随轻微的起伏；24 fps。薄而微带金色的云母片下，3.6 厘米的发蓝钢针在细铜针轴上摆动两三次，幅度越来越小——约 8°、4°、1°——1.5 秒时稳稳停住，南端那一滴朱红漆恰好对准南向（午位），指向画左下。四周是温暖的金黄铜面、刻槽里的烟灰，二十四向刻字圈在画边柔焦。针轴位于横向 46%、纵向 50%；针长约占画面高 60%。光：左上方摆动的 1950K 角片舱灯暖光掠过铜面，艉窗的暮蓝在针上留一线冷光。刻字柔和，避免塑料感的超锐微距。航海时代调色：全片最强的冷暖对比，深蓝的海与天对琥珀色灯光，绿色压低；细腻 35mm 颗粒，2.39:1，无任何文字。","needle still swinging after 1.5 s, needle settling on the wrong bearing, red tip pointing up or right, Western compass card with N/E/S/W letters, magnetic card compass, cracked mica or verdigris (museum state), pivot drifting in frame, plastic hyper-sharp macro, oversaturated gold, legible or invented characters in focus"
"S010","00:50:00","00:52:18","2.750","可认得／你想回的岸","CHAR_NAVIGATOR PROP_SHIPLAMP LOC_CABIN","Close-up, 100mm anamorphic, eye level, slightly off-axis; barely perceptible push-in (about 2% over 2.7 s); 24 fps. NAVIGATOR, a ~35-year-old East Asian compass-keeper of a 17th-century junk: long sun-weathered face, high cheekbones, deep-set dark-brown eyes with deep sun creases, short neat beard bleached brown by salt, a pale 1.5 cm scar at the tail of his LEFT eyebrow, topknot wrapped in an indigo head-cloth (no queue), faded indigo cross-collar cotton jacket, with a few wind-loosened strands at the head-cloth edge, sits at frame right in three-quarter view facing frame left, toward the barred stern window and the unseen shore of home; the pale scar at the tail of his LEFT eyebrow is clearly visible. The first frame holds his near pupil exactly where the compass pivot was, at 46% across and 50% down. His gaze is lost, slightly unfocused; at 1.4 s he blinks once, slowly. Wind through the window bars stirs the loose strands. Light: warm 1950K lantern light swinging gently across his cheek; cool dusk blue from the stern window rims the eye socket. Real skin, pores, wind-reddened cheeks, salt in the beard. Navigator-era grade: strongest warm-cool split, deep-blue sea and sky against amber lamplight, greens muted; fine 35mm grain, 2.39:1, no text.","近景，100mm 变形镜头，平视略偏；几乎察觉不到地推进（2.7 秒内约 2%）；24 fps。航海人——约 35 岁的东亚男性，17 世纪远洋帆船上的火长：长脸、风吹日晒、颧骨突出、眼窝略深的深褐眼睛带着很深的日晒纹，短而整齐、被盐漂浅成褐色的胡须，左眉尾一道约 1.5 厘米的浅白旧疤，发髻裹着靛蓝布头巾（不留辫），穿褪色的靛蓝交领粗棉短褂，头巾边几缕被风吹乱的碎发——他在画右，四分之三侧脸朝向画左，望向艉墙直棂小窗外看不见的、家的方向的海岸；左眉尾的旧疤清晰可见。第一帧里，他靠近镜头那只眼睛的瞳孔恰好位于罗盘针轴的位置：横向 46%、纵向 50%。眼神迷茫、微微失焦；1.4 秒他缓慢地眨了一下眼。从窗棂间吹进来的风拨动碎发。光：1950K 舱灯暖光在脸颊上轻轻摆动；艉窗暮蓝勾出眼眶。真实皮肤、毛孔、被风吹红的面颊、胡须里的盐。航海时代调色：全片最强的冷暖对比，深蓝的海与天对琥珀色灯光，绿色压低；细腻 35mm 颗粒，2.39:1，无任何文字。","looking to frame right or at camera, scar on the right brow or missing, Qing queue, tears or crying, exaggerated emotion, head turning, more than one blink, smooth beauty skin, makeup, modern haircut, porthole window, electric light, slow-motion blink"
"S011","00:52:18","00:56:00","3.250","你想回的岸","CHAR_NAVIGATOR PROP_PATCH PROP_SHIPLAMP LOC_CABIN","Insert, 100mm anamorphic, slight high angle, locked with a faint natural breathing drift; 24 fps. In a dim 17th-century ship's cabin, the right wrist of NAVIGATOR, a ~35-year-old seaman's large, thick-knuckled hand with rope calluses, cracked fingertips and white salt in the creases, lies across frame in the sleeve of his faded indigo coarse-cotton jacket. Cut into the motion: his LEFT thumb and forefinger are already folding back the RIGHT cuff; by 0.25 s the fold is open, the right wrist rolls slightly inward and the inside of the cuff faces the camera, showing a 4.5 by 6 cm patch of paler blue hand-woven cloth, #7D9CBB, sewn with small off-white running stitches, one corner uneven with a double knot, its centre rubbed soft and shiny. His left fingertips settle on the patch and do not move again; hold through the musical pause to the end. Light: the swinging 1950K horn-lantern light passes over the patch, warm, then dimmer; twilight blue in the shadows. Cotton weave and salt in fine detail. Navigator-era grade: strongest warm-cool split, deep-blue sea and sky against amber lamplight, greens muted; fine 35mm grain, 2.39:1, no text.","插入镜头，100mm 变形镜头，略俯，锁定，只带极轻的自然呼吸感；24 fps。昏暗的 17 世纪船舱里，航海人（约 35 岁）的右手腕横在画面中——手大、指节粗、掌心有缆绳老茧、指尖干裂、纹路里嵌着白盐——穿在褪色的靛蓝粗棉短褂袖子里。切入时动作已在进行：他的左手拇指与食指正把右袖口的折边翻开；0.25 秒折边完全翻开，右手腕微微内翻，袖口内侧朝向镜头，露出一块 4.5×6 厘米、颜色更浅的浅蓝手织布补丁（#7D9CBB），本白棉线细密的平针，一角针脚不齐、打了两次小结，中间被摩挲得起毛发亮。左手指腹停在补丁上，此后不再移动；画面停在这里，越过乐句后的空拍直到结束。光：摆动的 1950K 角片舱灯一下一下落在补丁上，暖，又暗下去；阴影里是暮蓝。棉布织纹与盐粒细节清楚。航海时代调色：全片最强的冷暖对比，深蓝的海与天对琥珀色灯光，绿色压低；细腻 35mm 颗粒，2.39:1，无任何文字。","patch on the left cuff or on the outside of the sleeve, right hand turning the cuff, patch visible before the fold opens, bright new patch, machine-even stitches, missing double knot, fingers moving after 0.25 s, smooth clean hands, rings, modern fabric, extra fingers, fused fingers, deformed hands"
"S012","00:56:00","00:58:10","2.417","青花碎了","CHAR_RESTORER PROP_SHARDS PROP_GLOVES PROP_COAT LOC_LAB","Close-up, 75mm anamorphic, 45-degree high angle over an oak conservation bench at night; slow push-in (about 4% over 2.4 s); 24 fps. The opening frame matches the previous fingertip: the gloved right thumb and forefinger of RESTORER, a ~28-year-old East Asian woman conservator in thin warm-white cotton gloves with ribbed wrists and a faint grey-brown brass smudge on the index fingertip and thumb, pinch a blue-and-white porcelain rim shard at frame centre, fingers pointing to lower left. She holds her breath and eases it toward a second shard on grey conservation foam; at 1.2 s the two break edges meet with a tiny click, the hairline join running exactly between two five-petal plum blossoms of the cobalt rim band, no blossom split. Her left forearm stays pressed on the bench edge at lower left, the charcoal wool coat sleeve unrolled, a small pilled lighter-grey worn spot on the outer little-finger side of the LEFT cuff just visible. Light: articulated 3500K bench lamp from upper left at 45 degrees, one specular highlight on the glaze; cool harbour night at frame right. Glaze #EDF1EF, cobalt #2B4A8B. Modern night grade: neutral-cool, deep-blue shadows never cyan, moon-silver highlights; fine 35mm grain, 2.39:1, no text.","近景，75mm 变形镜头，45° 俯拍夜间的橡木修复台；缓慢推进（2.4 秒内约 4%）；24 fps。起幅与上一镜的指尖对位：修复师——约 28 岁的东亚女性文物修复师，戴略暖白的薄棉修复手套、罗纹腕口，食指与拇指指尖一点浅灰褐黄铜污迹——右手拇指与食指在画面中央捏着一片青花口沿残片，手指朝向画左下。她屏住呼吸，把它慢慢移向灰色海绵垫上的另一片；1.2 秒两片断口轻轻咬合——细细的接缝恰好从口沿钴蓝纹带的两朵五瓣梅花之间穿过，没有一朵梅花被裂开。她的左前臂一直压在画左下的台沿上，深灰羊毛呢外套袖子没有挽起，左袖口外侧（小指一侧）那块起毛、颜色变浅的小磨损刚好可见。光：可调臂台灯 3500K 从左上 45° 落下，釉面一点镜面高光；画右是港口夜色的冷光。釉白 #EDF1EF，钴蓝 #2B4A8B。现代夜间调色：中性偏冷，暗部深蓝、绝不偏青，高光月光银；细腻 35mm 颗粒，2.39:1，无任何文字。","bare fingers, nitrile or blue gloves, crack running through a plum blossom, scrolling peony or lotus pattern, reign mark, rolled-up sleeve, worn spot on the right cuff, glossy plastic porcelain, glue strings, shards trembling, harsh cold light, readable labels on tools, brand names"
"S013","00:58:10","01:01:06","2.833","春色还留在碗沿","PROP_BOWL PROP_SHARDS LOC_LAB","Extreme close-up, 100mm macro at T5.6-T8, low angle grazing the glaze; a slider tracks slowly along a crack (under 2 cm/s) with focus following; 24 fps. On a conservation bench at night, a shard of a folk-kiln blue-and-white flared bowl: slightly bluish white glaze #EDF1EF with tiny pinholes, quick loose cobalt #2B4A8B brushwork with soft bleeding and dark heaped iron spots #18294F, a grey-white hairline break running through the glaze. The camera glides along the crack; at 0.2 s the moving focus plane arrives at the rim band, a 1 cm band between thin double lines holding one continuous flowering plum branch, and travels along it past five-petal blossoms and buds, every blossom whole because the crack passes between them; at 1.8 s the move eases to a stop on an unbroken stretch of the rim, the lip edge kept clearly in frame, as fresh as if just painted. Light: 3500K bench lamp raking from upper left, the glaze holding a soft travelling specular. Shallow depth, real macro texture, not plastic. No reign mark. Modern night grade: neutral-cool, deep-blue shadows never cyan, moon-silver highlights; fine 35mm grain, 2.39:1, no text.","极近特写，100mm 微距，T5.6–T8，低角度贴着釉面；滑轨沿一道裂纹缓慢横移（≤2 cm/s），焦点随行；24 fps。夜里修复台上，一片民窑青花撇口碗的残片：白中泛极淡青的釉 #EDF1EF 带细小棕眼，钴料 #2B4A8B 笔触快而不工整、有晕散，积料处有深色铁锈斑 #18294F，一道灰白的细裂纹穿过釉面。镜头沿裂纹滑行；0.2 秒移动的焦平面到达口沿纹带——上下两道细弦线之间 1 厘米宽、一枝连绵不断的折枝梅——沿纹带继续经过一朵朵五瓣梅花与花苞，每一朵都完整，因为裂纹只从花与花之间穿过；1.8 秒运动缓缓停在一段完好的碗沿上，口沿边缘清楚地留在画内，像刚画上去一样。光：3500K 台灯从左上方掠射，釉面上一点柔和的高光随之移动。浅景深，真实的微距质感，不要塑料感。无底款。现代夜间调色：中性偏冷，暗部深蓝、绝不偏青，高光月光银；细腻 35mm 颗粒，2.39:1，无任何文字。","crack through a blossom, scrolling peony, lotus or dragon pattern, crisp machine-printed decoration, mirror-gloss glaze, oversaturated cobalt, fake cracks forming characters, rack past the band, plastic hyper-sharp AI macro, focus breathing, gloves or fingers in frame"
"S014","01:01:06","01:04:01","2.792","我读懂了年代","CHAR_RESTORER PROP_SHARDS PROP_GLOVES PROP_COAT PROP_LEDGER LOC_LAB","Medium close-up, 75mm anamorphic, eye level, slightly to the side; locked with a faint push-in; 24 fps. At an oak conservation bench by a dark arched window at frame right: RESTORER, a ~28-year-old East Asian woman, soft oval face, straight natural brows, inner double eyelids, natural pale lips, a tiny light-brown mole below the outer corner of her LEFT eye, faint tiredness, black-brown hair in a loose low ponytail with two or three strands at the right temple, a head-band magnifier lowered over her eyes, charcoal wool melton coat with the middle horn button fastened and a small rubbed worn spot on the outer side of the LEFT cuff, thin warm-white cotton gloves. At 1.0 s she tilts a glued blue-and-white shard section up to the magnifier, reading the unglazed foot ring: orange-brown kiln flush, kiln grit, glaze pinholes; almost at once, at 1.6 s, her right hand sets a pencil to the open deep-green ledger at the bottom edge and writes a date, a flicker of professional certainty at the corner of her mouth. Ledger out of focus and illegible. Light: 3500K bench lamp from upper left; cool harbour night through the window; a distant 2700K shelf lamp. Natural skin texture. Modern night grade: neutral-cool, deep-blue shadows never cyan, moon-silver highlights; fine 35mm grain, 2.39:1, no text.","中近景，75mm 变形镜头，平视略侧；锁定，轻微推进；24 fps。在画右一扇黑暗圆拱窗下的橡木修复台前：修复师——约 28 岁东亚女性，鹅蛋脸，自然平直的眉，内双眼皮，唇色自然偏淡，左眼外眼角下方一颗极小的浅褐色痣，眼下有熬夜的淡青，黑褐色头发松松扎成低马尾，右侧太阳穴落下两三缕碎发，头戴式放大镜已放下到眼前，穿深灰羊毛呢外套、扣着中间一粒牛角扣、左袖口外侧一块小磨损，戴略暖白的薄棉手套。1.0 秒，她把一块已粘合的青花残片翻起凑到放大镜前，看圈足露胎处：火石红的橙褐、粘着的窑砂、釉面的针孔；几乎立刻，1.6 秒，她的右手把铅笔落在画面下缘摊开的深绿布面登记簿上，写下一个日期，嘴角掠过一点职业性的笃定。登记簿在焦外、不可读。光：3500K 台灯来自左上；窗外港口夜色的冷光；远处书架上一盏 2700K 小灯。自然皮肤质感。现代夜间调色：中性偏冷，暗部深蓝、绝不偏青，高光月光银；细腻 35mm 颗粒，2.39:1，无任何文字。","readable handwriting or numbers in focus, AI pseudo-script, ink fountain pen, reign mark on the foot, make-up, jewellery, watch, tidy re-tied hair, mole on the right side, bare hands, smiling broadly, looking at camera, beauty filter, magnifier pushed up while reading, ring light, cold fluorescent light"
"S015","01:04:01","01:05:06","1.208","我读懂了年代","PROP_BOWL PROP_SHARDS LOC_LAB","Insert, 100mm macro, near-overhead about 15 degrees from vertical, tilted from the near side so the outer rim band reads along the near lip; locked; 24 fps; 1.2 s, nearly still. In a tray of fine white conservation sand under a 3500K bench lamp, a folk-kiln blue-and-white flared bowl stands mostly re-assembled from shards: hairline grey-white joins, the fine line inside below the lip, and at dead centre, 50% across and 52% down, the double circle holding a single five-petal plum blossom, its heart the deepest cobalt. The rim is a near-perfect circle about 80% of frame height; along the near lip the outer band of one continuous flowering plum branch reads unbroken, the joins passing only between blossoms, and just below it the top of the cracked-ice lattice window motif; the boat-and-crescent side faces the top of frame. At frame right, between the two scenes, a 2.5 by 3 cm piece of the wall is missing, a small dark gap showing sand. Crisp sand grains; one soft specular on the glaze from upper left. At 0.4 s everything is centred and still. Glaze #EDF1EF, cobalt #2B4A8B, no reign mark. Modern night grade: neutral-cool, deep-blue shadows never cyan, moon-silver highlights; fine 35mm grain, 2.39:1, no text.","插入镜头，100mm 微距，接近正俯、与垂直约成 15°，从近侧倾斜以便近侧口沿上的外口沿纹带可读；锁定；24 fps；1.2 秒，几乎静止。3500K 台灯下一盘细白的修复沙里，一只民窑青花撇口碗已由残片粘合大半，立在沙中：灰白的细接缝，口沿内一道细弦线，正中心（横向 50%、纵向 52%）是双圈里的一朵五瓣梅花，花心钴料积色最深。碗口是近乎正圆的一圈，约占画面高 80%；近侧口沿上，那一枝连绵不断的折枝梅纹带完整无缺，接缝只从花与花之间穿过，纹带下方露出冰裂纹窗格纹样的上缘；画小船与新月的 A 面朝向画面上方。画右，两面纹样之间，碗壁缺了约 2.5×3 厘米的一块，是一个露出沙子的小暗口。沙粒质感清晰；釉面左上方一点柔和高光。0.4 秒时一切居中、静止。釉白 #EDF1EF，钴蓝 #2B4A8B，无底款。现代夜间调色：中性偏冷，暗部深蓝、绝不偏青，高光月光银；细腻 35mm 颗粒，2.39:1，无任何文字。","bowl off-centre or oval from perspective, rim circle smaller or larger than 80% of frame height, missing piece filled in, cracks through blossoms, rice or water in the bowl, glue blobs, tools or gloves in frame, pure 90-degree view hiding the outer band, any camera movement, plastic gloss"
"S016","01:05:06","01:07:00","1.750","我读懂了年代／却读不懂／你的失眠","CHAR_WIFE PROP_BOWL PROP_CANDLE LOC_HOME","Close-up, 50mm anamorphic; the first frame repeats the previous bowl exactly, about 15 degrees from vertical, rim circle centred at 50% across and 52% down, about 80% of frame height; then a slow rise and gentle tilt to about 60 degrees (about 35 cm of travel in 1.75 s) with focus easing back; 24 fps. A 17th-century coastal stone house at night: the same blue-and-white bowl, now whole with fresh glaze, its outer band of flowering plum unbroken, full of cold white rice, top grains dry and translucent, absolutely no steam, a pair of untouched bamboo chopsticks laid across the rim. At 0.1 s the rim match completes; at 1.1 s the rise reveals the bowl on a dark camphor table before the empty bench at frame right; an ivory candle, 11 cm with one wax drip, in a brass candlestick at table centre; at the left frame edge rest the folded slender hands of WIFE, a ~30-year-old woman of that era in a washed pale-blue cotton jacket, a plain thin, slightly tarnished silver bangle on her LEFT wrist; her face stays out of frame. Light: 1850K candle low and warm; cold moonlight through a cracked-ice lattice from frame right. Old-home grade: candle-warm interior against cool lattice moonlight, blacks slightly lifted; fine 35mm grain, 2.39:1, no text.","近景，50mm 变形镜头；第一帧与上一镜的碗完全一致——与垂直约成 15°，碗口圆居中于横向 50%、纵向 52%，约占画面高 80%；随后缓慢升起并轻轻俯仰到约 60°（1.75 秒内移动约 35 厘米），焦点随之后移；24 fps。17 世纪海边石屋的夜里：同一只青花碗，此刻完整、釉光新鲜，外口沿折枝梅纹带完好，盛着一碗早已凉透的白饭——表面米粒发干、半透明，绝对没有一丝热气——一双没动过的竹筷横放在碗口。0.1 秒碗沿匹配完成；1.1 秒升起后露出：碗放在深色樟木方桌上、画右那条空着的长凳前；桌子中间一只旧铜烛台插着一支象牙白蜡烛，11 厘米，一道蜡泪；画左边缘，是等待的人叠放在桌沿的纤细双手——她是那个时代约 30 岁的妇人，穿洗旧的浅蓝粗棉短袄，左手腕一只微微氧化的素银细镯；她的脸始终在画外。光：1850K 烛光低位暖光；画右冰裂纹窗格透入冷月光。旧日家中调色：烛光暖色的室内对窗格透入的冷月光，黑位略抬；细腻 35mm 颗粒，2.39:1，无任何文字。","steam or vapour from the rice, warm fresh rice, eaten rice, chopsticks in the bowl or held, a person on the right bench, her face in frame, bangle on the right wrist, gold or jade bangle, candle taller or shorter than 11 cm, electric light, red lanterns, incense, fast crane swoop, bowl pattern different from the plum-band canonical bowl"
"S017","01:07:00","01:10:13","3.542","你的失眠","CHAR_RESTORER CHAR_WIFE PROP_BOWL PROP_CANDLE PROP_COAT LOC_LAB LOC_HOME","Medium shot, 75mm anamorphic, eye level, square to a dark arched six-over-six sash window of a museum conservation studio at night; locked; 24 fps. First frame: on the glass, a faint reflection of RESTORER, a ~28-year-old East Asian woman conservator with a loose low ponytail and charcoal wool coat, head bowed over her work, lit by a 3500K lamp off frame left. At 0.8 s focus pulls slowly through her reflection into the glass's mirror depth: an old coastal stone house at night, where WIFE, a ~30-year-old woman in a washed pale-blue cotton jacket, hair in a low bun with a plain wooden pin, a thin silver bangle on her LEFT wrist, sits upright on the left bench beside a single candle; the right bench is empty, a bowl of untouched rice and chopsticks before it. Her face stays unresolved, broken by candle backlight and cracked-ice lattice shadow. From 1.0 to 2.0 s a soft time-passing dissolve inside the reflection only: the candle burns from 11 cm to 6 cm, wax pooling, the lattice shadow slides one cell, the rice unchanged. At 2.6 s her shoulders rise and fall once. The restorer's reflection stays, darker than the candlelight. Glass in the modern night grade; inside the reflection the old-home grade, candle-warm against cool moonlight; fine 35mm grain, 2.39:1, no text.","中景，75mm 变形镜头，平视，正对夜间博物馆修复室一扇六格对六格的深色圆拱木窗；锁定；24 fps。第一帧：玻璃上淡淡映着修复师——约 28 岁东亚女性文物修复师，松松的低马尾，深灰羊毛呢外套——低头工作的轮廓，很暗，被画外左上方的 3500K 台灯照着。0.8 秒，焦点缓缓穿过她的倒影，进入玻璃的镜像深处：夜里一座海边旧石屋，等待的人——约 30 岁的妇人，穿洗旧的浅蓝粗棉短袄，低髻插一支素面木簪，左腕一只素银细镯——挺直地坐在画左的长凳上，身旁一支蜡烛；画右的长凳空着，凳前一碗没动过的饭和一双竹筷。她的脸始终看不清——被烛光侧逆与冰裂纹窗格的影子切碎，永不清晰。1.0 到 2.0 秒，只在倒影之内做一次柔和的时间流逝叠化：蜡烛从 11 厘米烧到 6 厘米，蜡泪堆在接蜡盘里，窗格的影子在桌上移过一格，饭始终没动。2.6 秒，她的肩轻轻起伏一次。修复师的倒影一直留在玻璃上，暗于烛火。玻璃为现代夜间调色；倒影里是旧日家中调色——烛光暖色对冷月光；细腻 35mm 颗粒，2.39:1，无任何文字。","wife's face sharp or clearly lit, wife looking at camera, a person on the right bench, steam from the rice, glass window panes inside the 17th-century house, ghost figure standing in the lab, global dissolve of the window layer, the restorer's reflection brighter than the candle, flicker during the dissolve, candle growing taller, electric light in the old house, crying, slow-motion shoulders"
"S018","01:10:13","01:13:11","2.917","千年啊／不过无数个今晚","CHAR_RESTORER LOC_LAB LOC_HARBOR","Extreme wide aerial establishing shot, 28 mm spherical wide cropped to 2.39:1 anamorphic frame, night, present day. Start: 4 m above dark harbour water, 30 m south of a converted 1880s harbour customs house (granite plinth, red-brick walls with patchy lime render, round-arched windows, glazed upper arcade faintly silver). Only one ground-floor arched timber sash window near the east corner glows warm 3500K; inside it, tiny and soft, the RESTORER (a ~28-year-old East Asian woman conservator in a charcoal wool coat, low loose ponytail) bends over her bench lamp. Camera: one slow, steady heavy-lift crane-up and pull-back, 12-frame ease-in, no yaw, no roll: 0-1.2 s the facade and quay sink while black water with silver moon-sheen fills the lower frame; 1.2-2.5 s the roofline passes and a fictional hillside harbour city of countless small warm windows spreads behind; at 2.56 s the lights fill the frame and her window is one among thousands; at 2.8 s gathering clouds and a veiled waning-gibbous moon enter the top third at upper right. Light: cool silver moonlight #C8D2DB on stone and water, window points #E2A458 desaturated, sky #0E1B30 to #1A2D4A. Deep focus, photoreal. Modern night grade: neutral-cool, deep-blue shadows never cyan, moon-silver highlights; fine 35mm grain, 2.39:1, no text.","极远景航拍建立镜头，28mm 球面广角裁为 2.39:1 宽银幕画幅，当下的夜。起幅：摄影机在漆黑港湾水面上方 4 米、旧海关大楼（花岗岩基座、斑驳石灰抹面的红砖墙、圆拱窗、二层玻璃封闭的外廊泛着淡淡银光）以南 30 米处。整栋楼只有一层东端转角附近的一扇圆拱木窗亮着 3500K 暖光；窗里很小、很柔地，修复师（约28岁东亚女性文物修复师，深灰呢外套，低马尾）正俯在台灯下的工作台前。运镜：一次缓慢、稳定的重载摇臂上升并后拉，起步 12 帧缓入，不偏航、不横滚：0–1.2 秒大楼立面与码头向下沉，画面下部是泛着银色月光的黑色水面；1.2–2.5 秒屋脊线掠过，背后一座虚构的依山港城展开，无数扇小小的暖窗；2.56 秒灯火铺满画面，她那扇窗成了千万盏中的一盏；2.8 秒聚拢的云与一轮被薄云遮住的亏凸月从画面上三分之一的右上方入画。光：冷银月光 #C8D2DB 落在石面与水面，窗灯为压低饱和的暖点 #E2A458，天空 #0E1B30 至 #1A2D4A。全景深，照片级真实。现代夜间调色：中性偏冷，暗部深蓝、绝不偏青，高光月光银；细腻 35mm 颗粒，2.39:1，无任何文字。","recognisable real skyline or landmark, readable signage, neon text, logos on buildings or ships, fast drone swoop, fly-through, banking roll, yaw spin, tilted horizon, sharp or oversized moon, starfield, orange light-pollution haze, fireworks, blue streak flare, more than one lit window on the customs house ground floor, people in sharp detail, daylight, traffic light trails"
"S019","01:13:11","01:15:01","1.583","不过无数个今晚／有人等一场雨","CHAR_WIFE PROP_BOWL LOC_HOME","Wide shot, 32 mm anamorphic, locked-off tripod, eye level 1.5 m, exterior of an early-17th-century coastal granite stone house at night. Upper third is sky: gathering grey-blue clouds, a veiled waning-gibbous moon glowing at upper right, its light dimming and returning once as cloud drifts. Below: grey-tiled eaves overhanging 1 m with no gutter, rough-dressed granite block wall with lime pointing, a timber door at frame-left half open with a faint warm 1850K candle glow from inside, an unlit stone niche beside it, one granite step at lower-left, stone yard, low wall, dark sea at right. The WIFE (slender ~30-year-old woman, black hair in a low bun with a plain wooden hairpin, washed pale-blue cotton jacket #7D9CBB, dark indigo-black skirt, thin slightly tarnished silver bangle on her LEFT wrist, face kept in eave shadow, never resolved) is already bending; with her right hand she sets an empty folk-kiln blue-and-white bowl, rim band of one continuous plum branch with 16 small blossoms, at the outer edge of the step under the eaves' drip line: its foot touches stone at 0.72 s; her palm leaves the rim at 1.14 s and pauses. Cool silver moonlight from upper right, deep focus, photoreal. Old-home grade: candle-warm interior against cool lattice moonlight, blacks slightly lifted; fine 35mm grain, 2.39:1, no text.","全景，32mm 变形宽银幕镜头，三脚架完全锁定，平视、镜头高 1.5 米；17 世纪初海边花岗岩石屋外景，夜。画面上三分之一是天空：灰蓝色的云正在聚拢，一轮被云遮住的亏凸月在右上方发出微光，云飘过时月光暗下去又亮回来一次。下方：出挑约 1 米、没有檐沟的青灰瓦屋檐，石灰勾缝的粗凿花岗岩条石墙，画左一扇半开的木门，门内透出微弱的 1850K 暖色烛光，门旁石墙上一个未点灯的小壁龛，画左下一级花岗岩石阶，石铺院子、矮墙，画右远处是黑色的海。等待的人（清瘦的约30岁女子，黑发挽成低髻、插一支素面木簪，洗旧的浅蓝粗棉短袄 #7D9CBB，深靛黑布裙，左手腕一只微微氧化的素银细镯，脸始终在屋檐阴影里，永不看清）已经弯下腰，用右手把一只空的民窑青花碗——口沿纹带是一枝连绵的折枝梅、16 朵小梅花——放到石阶外沿、屋檐滴水线下：0.72 秒碗足碰到石面；1.14 秒掌心离开碗沿，停了一停。冷银月光来自右上方，全景深，照片级真实。旧日家中调色：烛光暖色的室内对窗格透入的冷月光，黑位略抬；细腻 35mm 颗粒，2.39:1，无任何文字。","visible face, sharp facial features, rain falling, wet stones, puddles, lit niche lamp, child, second person, rice in the bowl, steam, red lanterns, incense smoke, modern objects, electric light, glazed windows, sharp moon disc, starfield, any camera movement, wind-whipped clothing"
"S020","01:15:01","01:17:01","2.000","有人等一场雨／有人等沉默被听见","CHAR_MIGRANT PROP_CASE PROP_LETTER LOC_PIER","Medium close-up, 75 mm anamorphic, camera 1.3 m, eye level tilted 10 degrees down, inside a 1920s-30s steamer waiting shed at night under the third enamel-shaded incandescent bulb, 2400K, whose pool falls from upper right; beyond, the blue-black night sea. The MIGRANT (~20-year-old East Asian woman, round-square face with full cheeks, large bright wide-set eyes, straight thick brows, a small mole above her RIGHT eyebrow peak, slightly chapped lips, one long black braid, faded grey-blue cotton blouse #8FA1B3 with small white and faded-rose five-petal flowers) sits on an upturned wooden crate, her honey-amber rattan suitcase across her knees as a desk, an eight-column cream letter with faded vermilion rules and soft illegible brush script open on its lid. Slow push-in, about 25 cm over 2 s, ending on her hands. Her right hand settles on the letter at the cut; at 0.40 s she refolds it along the old creases, in thirds then in half; folded by 1.18 s; at 1.56 s she presses it flat with her whole palm, its folded edge lying exactly along the lid's front edge, one horizontal line at frame height 0.66. It is never sealed. Soft halation on the bulb. Migrant-era grade: faded-photograph softness, saturation -15%, creamy highlights, never sepia; fine 35mm grain, 2.39:1, no text.","中近景，75mm 变形宽银幕镜头，镜头高 1.3 米、平视略俯 10°；1920–30 年代轮船候船棚内，夜，第三盏搪瓷灯罩白炽灯（2400K）的光池从画右上方落下；棚外是蓝黑色的夜海。迁徙女性（约20岁东亚女子，圆中带方的脸、颊肉饱满，大而亮、两眼距离略宽的眼睛，直而浓的眉，右眉峰上方一颗小痣，嘴唇略干，一条长长的黑辫子，褪色灰蓝碎花棉布大襟衫 #8FA1B3，碎花为白色与褪玫色的小五瓣花）坐在一只倒扣的木箱上，蜂蜜琥珀色的藤箱横在膝上当桌，一封米色八行笺摊在箱盖上——褪色朱红竖格，柔和、不可读的小楷。缓慢推进，2 秒内约 25 厘米，止于她的手。切入时她的右手落在信上；0.40 秒她沿着旧折痕把信重新折回去，先三折、再对折；1.18 秒折好；1.56 秒用整个手掌把它压平——折好的信边恰好与箱盖前沿对齐，成为画面高度 0.66 处的一条水平线。始终没有封口。灯泡周围有柔和光晕。迁徙时代调色：褪色家庭照片般的柔和，饱和度 −15%，高光微奶油，绝不做棕褐；细腻 35mm 颗粒，2.39:1，无任何文字。","envelope, sealing the letter, wax seal, readable characters, legible handwriting, letter folded in quarters, sepia wash, modern clothing, zipper, wristwatch, plastic, crowd in focus, extra fingers, fused fingers, case in her left hand, bright red letter paper"
"S021","01:17:01","01:20:07","3.250","有人要把山河／握在掌间","CHAR_MAPHAND PROP_MAP LOC_MAPOFFICE","Insert, 50 mm anamorphic, 90-degree top-down, locked with a barely perceptible push (about 3% over 3.25 s), an 1890s harbour-office map room at night. A linen-backed hand-drawn coastal map, paper #E2D6B8: brown-ink coastline running top to bottom at x 0.30, sea left blank on its left, hachured hills on its right, a tiny inked harbour-village mark on the coast at (0.30, 0.58), no legible names. An ebony ruler with brass edges lies horizontal, its drawing edge at frame height 0.66. Only MAPHAND is ever seen: a middle-aged man's well-kept hands, ethnically ambiguous medium skin #D6B59A, clean trimmed nails, a writing bump with a faint ink stain on the right middle finger, no ring; dark charcoal wool frock-coat sleeves, 1.5 cm starched white cuffs, plain unengraved brass oval cufflinks. The right hand draws a steel ruling pen along the ruler from left to right, starting at x 0.12, crossing the coast at 1.28 s, leaving a wet blue-black iron-gall line, never red, glistening; at 2.60 s the left hand lifts off the ruler and spreads flat, palm covering the land at (0.62, 0.45). Light: brass kerosene lamp 2200K at frame-right, half-closed louvres cutting cold moonlight into diagonal stripes. Map-office grade: the hardest, highest-contrast cold look, saturation -25%, grey-green surroundings; fine 35mm grain, 2.39:1, no text.","插入镜头，50mm 变形宽银幕镜头，90° 正顶拍，锁定，仅有几乎察觉不到的微推（3.25 秒内约 3%）；1890 年代港务测绘办公室，夜。一张裱在亚麻布上的手绘海岸地图，纸色 #E2D6B8：褐色墨线的海岸线在 x 0.30 处自上而下延伸，左侧海面留白，右侧是晕滃线画的山地，海岸上 (0.30, 0.58) 处有一个细笔画的小渔港村落记号，没有任何可读地名。一把乌木铜边直尺水平放着，画线的尺边位于画面高度 0.66。画面中只出现掌管地图的手：一双保养良好的中年男性的手，肤色是难以判定族裔的中间色 #D6B59A，指甲修剪整齐干净，右手中指有写字茧与淡淡墨渍，不戴戒指；深炭黑羊毛礼服袖，露出 1.5 厘米浆硬的白衬衫袖口，素面无刻花的黄铜椭圆袖扣。右手持钢制直线笔，沿直尺从画左向画右划线，从 x 0.12 起笔，1.28 秒越过海岸线，留下一道湿润发亮的蓝黑色铁胆墨线，绝不是红色；2.60 秒左手离开直尺、五指张开平按下去，掌心盖住 (0.62, 0.45) 处的一片陆地。光：画右一盏黄铜底座煤油灯 2200K，半闭的木百叶把冷月光切成斜向条纹。地图办公室调色：全片最冷硬、反差最高，饱和度 −25%，四周压成冷灰绿；细腻 35mm 颗粒，2.39:1，无任何文字。","red ink, red line, face, body, torso, rings, crest or insignia on cufflinks, readable place names, compass rose, flags, ink blots, wobbly or curved line, ballpoint or modern pen, electric lamp, warm golden overall grade, extra fingers"
"S022","01:20:07","01:23:13","3.250","有人只想再见／某个人一面","CHAR_NAVIGATOR PROP_SHIPLAMP PROP_OUTERCOAT LOC_DECK","Close-up, 135 mm anamorphic, eye level, night at sea on an early-17th-century ocean-going junk, locked on a stabilised head with a very slow push (about 3%). A low black coastline lies across the left half at frame height 0.58 with one single warm 1900K shore light at (0.30, 0.58). In the right foreground, soft at first, the left profile of the NAVIGATOR (~35-year-old East Asian compass-keeper, long face, high cheekbones, slightly deep-set dark-brown eyes with deep sun creases, short neat beard and moustache, a small pale scar at the tail of his LEFT eyebrow, deep sun-weathered skin, topknot wrapped in an indigo head-cloth, no queue, a brown padded cotton night coat over his faded indigo cross-collar jacket), leaning on the rail, looking screen-left at the light. Focus starts on the shore light and racks, over more than one beat, to his eye, sharp at 1.33 s; the shore light becomes a tiny warm catchlight in his eye; at 2.35 s he takes one small, soft breath. Light: hard silver moonlight from upper right rims his face; the stern lantern, 1950K, warms his cheek from below right; sea #0E1B30 to #1A2D4A. Loose hair stirring in wind; only a short warm flare. Navigator-era grade: strongest warm-cool split, deep-blue sea and sky against amber lamplight, greens muted; fine 35mm grain, 2.39:1, no text.","近景，135mm 变形宽银幕镜头，平视；17 世纪初远洋帆船上的夜海，稳定云台锁定，极缓慢推进（约 3%）。一条低矮的黑色海岸线横在画面左半边、高度 0.58，岸上只有一点 1900K 的暖灯，位于 (0.30, 0.58)。画右前景起初虚焦的，是航海人的左侧脸（约35岁东亚火长，长脸、颧骨突出，眼窝略深的深褐色眼睛、眼角有很深的日晒纹，短而整齐的胡须与上唇须，左眉尾一道浅白小旧疤，长期日晒的深色皮肤，发髻外裹靛蓝布头巾、不留辫，靛蓝交领短褂外披着棕色夹棉守夜外衣），他倚着船舷，望向画左那一点灯。焦点起于岸灯，以超过一拍的时长转到他的眼睛，1.33 秒清晰；岸灯在他眼里成了一个小小的暖色亮点；2.35 秒他轻轻吸一口气。光：右上方硬而单向的冷银月光勾出他的侧脸；艉灯 1950K 从右下方暖暖地照在他颊上；海面 #0E1B30 至 #1A2D4A。碎发被风轻拂，只允许短促的暖色光晕。航海时代调色：全片最强的冷暖对比，深蓝的海与天对琥珀色灯光，绿色压低；细腻 35mm 颗粒，2.39:1，无任何文字。","shore light on the right, several bright shore lights, city skyline, lighthouse beam, tears, crying, open mouth, Qing queue, shaved forehead, modern clothing, sharp moon disc in frame, blue streak flare, shaky camera, rolling horizon, visible cuff patch"
"S023","01:23:13","01:26:19","3.250","某个人一面／千年啊／不过无数个今晚","CHAR_RESTORER PROP_SHIRT PROP_CASE PROP_KEEPSAKE PROP_PASS PROP_GLOVES PROP_COAT LOC_GALLERY","Wide shot, 32 mm anamorphic, present-day museum gallery at night inside a converted 19th-century customs-house warehouse: slender dark grey-green cast-iron columns, waxed teak floor, red brick partly lime-washed. The shot starts tilted up about 35 degrees on the upper glass of three tall frameless wall vitrines on the north wall, where a small mirrored image of the veiled waning-gibbous moon sits at (0.70, 0.40). Slow tilt-down over 2.4 s with 12-frame eases to eye level: cold silver moonlight shafts slant in from behind the camera's right shoulder through unseen south doorways, laying arched pools on the teak floor and washing the glass of the three vitrines standing in a row, left to right: navigation, household ceramics with one empty mount, migration with an open rattan case. Vitrine interiors dim 3000K over near-black navy velvet. At 2.6 s the RESTORER (~28-year-old East Asian woman, slim, low loose ponytail with strands at the right temple, charcoal wool coat #3C4045 with three horn buttons, thin warm-white cotton gloves) walks in from frame-left into the moonlight, carrying no lamp: the moon is her key light. Deep focus. Modern night grade: neutral-cool, deep-blue shadows never cyan, moon-silver highlights; fine 35mm grain, 2.39:1, no text.","全景，32mm 变形宽银幕镜头；当下的夜，旧海关关栈改建的博物馆展厅：纤细的深灰绿铸铁柱、打蜡的柚木地板、局部刷过石灰的红砖墙。起幅上仰约 35°，对着北墙三面通高无框立柜的上部玻璃，玻璃里映着一轮被薄云遮住的亏凸月的小小镜像，位于 (0.70, 0.40)。2.4 秒内缓慢下摇到平视，首尾各 12 帧缓入缓出：冷银色的月光光柱从摄影机右肩后方、经画外的南侧门洞斜射进来，在柚木地板上铺出拱形光斑，并洗亮三面并排立柜的玻璃——由左到右：航海、家用瓷器（一个空着的托架）、迁徙（一只打开的藤箱）。柜内是调暗的 3000K 小灯与近黑的深蓝绒布。2.6 秒，修复师（约28岁东亚女性，纤瘦，低马尾、右侧太阳穴落下几缕碎发，深灰呢外套 #3C4045、三粒牛角扣，略暖白的薄棉手套）从画左走进月光里，手里没有任何灯——月光就是她的主光。全景深。现代夜间调色：中性偏冷，暗部深蓝、绝不偏青，高光月光银；细腻 35mm 颗粒，2.39:1，无任何文字。","moon disc seen directly through a window, two moons, flashlight, work lamp, track lights on, readable exhibit labels or captions, signage, other people, fog, haze, god rays from nowhere, cyan grade, green-tinted glass, ghost figures"
"S024","01:26:19","01:30:01","3.250","不过无数个今晚／多少不敢说的爱／借月色流传","CHAR_RESTORER CHAR_NAVIGATOR CHAR_WIFE CHAR_MIGRANT PROP_COMPASS PROP_BOWL PROP_CASE PROP_CANDLE PROP_SHIPLAMP LOC_GALLERY LOC_CABIN LOC_HOME LOC_PIER","Medium shot, 40 mm anamorphic, lens 1.45 m, stable dolly track left to right at a constant 1.3 m/s past three tall frameless vitrines on a night museum gallery's north wall, camera yawed 20 degrees toward travel so the dark glass reflects. Each velvet-lined pane holds another era's night in its own depth: first a smoke-blackened junk cabin, the NAVIGATOR (~35, East Asian, indigo head-cloth over a topknot, faded indigo jacket, pale scar at his left eyebrow tail) bent over a warm brass compass under a swinging horn lantern; then, over an empty ceramics mount, a granite home where the WIFE (slender, low bun with a wooden hairpin, pale-blue jacket, silver bangle on her LEFT wrist, face never resolved) waits beside a 6 cm candle, a bowl of untouched rice before the empty bench opposite; then, over an open rattan case, a 1920s waiting shed, the MIGRANT (~20, one long braid, faded grey-blue floral blouse) on an upturned crate, her rattan case across her knees under a 2400K bulb. In every reflection moonlight falls from upper right to lower left. The RESTORER's own reflection (low ponytail, charcoal wool coat), dim and soft, walks along. Gallery in the modern night grade (never cyan); each pane keeps its era grade: amber-and-deep-blue cabin, candle-warm home, faded-photograph shed; fine 35mm grain, 2.39:1, no text.","中景，40mm 变形宽银幕镜头，平视、镜头高 1.45 米；轨道车以每秒 1.3 米恒速由画左向画右稳定横移，经过夜间展厅北墙的三面通高无框立柜，镜头朝行进方向偏转 20°，让暗玻璃的反射更强。每一面衬着绒布的玻璃里，都映着另一个时代的夜，各自有自己的纵深：先是熏黑的帆船船舱，航海人（约35岁东亚男子，发髻外裹靛蓝头巾，褪色靛蓝短褂，左眉尾浅白旧疤）伏在温暖的黄铜罗盘前，头顶一盏摆动的角片舱灯；接着，在一个空着的瓷器托架之上，是一间花岗岩石屋，等待的人（清瘦，低髻插木簪，浅蓝短袄，左腕银镯，脸永不看清）守在一支 6 厘米的蜡烛旁，对面空着的长凳前一碗没动过的饭；最后，在一只打开的藤箱之上，是 1920 年代的候船棚，迁徙女性（约20岁，一条长辫，褪色灰蓝碎花衫）坐在倒扣的木箱上，藤箱横在膝上，头顶一盏 2400K 灯泡。每一面倒影里的月光都从右上落向左下。修复师自己的倒影（低马尾、深灰呢外套）淡淡地、柔柔地跟着走。展厅为现代夜间调色（中性偏冷、绝不偏青）；每面玻璃保留各自时代的调色：琥珀对深蓝的船舱、烛光暖色的家、褪色照片般的候船棚；细腻 35mm 颗粒，2.39:1，无任何文字。","ghost figures standing in the gallery, semi-transparent people outside the glass, non-mirrored reflections, all panes the same colour, the wife's face sharp, double-exposure look, eras bleeding across panes, morphing between panes, flicker, camera shake, readable labels, restorer visible in person in frame"
"S025","01:30:01","01:33:06","3.208","我隔着玻璃／认不出你的脸","CHAR_RESTORER CHAR_WIFE PROP_CANDLE PROP_GLOVES PROP_COAT LOC_GALLERY LOC_HOME","Medium close-up, 75 mm anamorphic, eye level, night museum gallery. The RESTORER (~28-year-old East Asian woman, soft oval face, straight natural brows, inner double eyelids, low loose ponytail with loose strands at her RIGHT temple, no make-up, no jewellery, charcoal wool coat #3C4045 with the middle horn button fastened, thin warm-white cotton gloves) stops before a tall frameless vitrine of household ceramics with one empty mount and leans close to the glass. Camera: slow push-in with a gentle 25-degree arc from over her right shoulder to her right profile, about 30 cm over 3.2 s. In the glass her own reflection, dim and out of focus, falls exactly on the empty mount; deeper inside the reflection lies an old candlelit room and a woman's face beside a 1850K candle flame: the WIFE, never resolved, only a warm soft oval, a dark low bun and a wooden hairpin. At 0.10 s she leans in; she narrows her eyes and tilts her head; focus hunts between her reflection and the deep face, closest at 2.62 s but never sharp. Light: cold silver moonlight key from behind screen-left, warm teak-floor bounce under her chin, dim 3000K vitrine glow. Modern night grade with warm living skin; the candlelit face in the glass keeps the old-home grade; fine 35mm grain, 2.39:1, no text.","中近景，75mm 变形宽银幕镜头，平视，夜间展厅。修复师（约28岁东亚女性，鹅蛋脸，自然平直的眉，内双眼皮，低马尾、右侧太阳穴落下几缕碎发，不化妆、无首饰，深灰呢外套 #3C4045 中间一粒牛角扣扣着，略暖白的薄棉手套）停在一面家用瓷器立柜前——柜里有一个空着的托架——凑近玻璃。运镜：缓慢推进并带一个 25° 的柔和弧移，从她右肩后过肩到她的右侧脸，3.2 秒约 30 厘米。玻璃里，她自己的倒影（较暗、焦外）恰好落在那个空托架上；倒影更深处，是一间烛光下的旧屋和 1850K 烛焰旁的一张脸——等待的人，永不看清，只是一团暖色的柔和椭圆、一个深色的低髻和一支木簪。0.10 秒她凑近；她眯起眼、微微侧头；焦点在她的倒影与深处那张脸之间来回寻找，2.62 秒最接近，却始终不清晰。光：冷银月光从画左后方作为她的主光，柚木地板把暖色反光补到她下巴下，柜内 3000K 微光。现代夜间调色，肤色温暖鲜活；玻璃里烛光下的脸保留旧日家中调色；细腻 35mm 颗粒，2.39:1，无任何文字。","the wife's face in focus, recognisable features in the glass, ghost overlay outside the glass, her reflection brighter than the candle, bowl on the mount, labels, tears, make-up, jewellery, wristwatch, touching the glass, mole on the right cheek"
"S026","01:33:06","01:36:22","3.667","却认得你／舍不得的人间","CHAR_RESTORER CHAR_WIFE PROP_BOWL PROP_CANDLE PROP_GLOVES LOC_GALLERY LOC_HOME","Insert, 100 mm anamorphic, eye level, locked, shot through the glass of a museum vitrine at night. Deep inside the reflection lies an early-17th-century candlelit table: a folk-kiln blue-and-white bowl of cold white rice with no steam at all, its rim band one continuous plum branch of 16 small five-petal blossoms, a pair of bamboo chopsticks across the rim before an empty bench; a 6 cm ivory candle in an old brass candlestick, 1850K; cracked-ice lattice moon shadows on the dark camphor tabletop. The WIFE's face stays a soft blur at the top edge; at 0.07 s focus moves from that blur to her hand: a slender working hand with tiny needle-prick marks and a thin, slightly tarnished silver bangle on her LEFT wrist, straightening the chopsticks, pausing, nudging them a millimetre more at 1.21 s. Near the glass surface, the faint reflection of the RESTORER's fingertip in a thin warm-white cotton conservator glove, a grey-brown brass smudge on the index tip, approaches the glass but never touches. At 2.70 s, as the music stops, the hand stops, resting on the chopsticks, motionless to the end. Old-home grade inside the reflection, candle-warm against cool lattice moonlight; the glass surface in the neutral-cool modern night grade; fine 35mm grain, 2.39:1, no text.","插入镜头，100mm 变形宽银幕镜头，平视，锁定，透过夜间博物馆立柜的玻璃拍摄。倒影深处是一张 17 世纪初烛光下的饭桌：一只民窑青花碗盛着凉透的白饭，没有一丝热气，口沿纹带是一枝连绵的折枝梅、16 朵五瓣小梅花，一双竹筷横放在碗口，碗摆在一条空着的长凳前；旧铜烛台上一支 6 厘米的象牙色蜡烛，1850K；冰裂纹窗格的月影落在深色樟木桌面上。等待的人的脸只是画面上缘一团柔和的模糊；0.07 秒焦点从那团模糊移到她的手上：一只纤细、劳作过的手，指腹有细小的针眼，左手腕一只微微氧化的素银细镯——她把筷子摆正，停了停，1.21 秒又轻轻挪齐一毫米。靠近玻璃表面的地方，修复师戴着暖白薄棉修复手套的指尖（食指指尖一点灰褐黄铜污迹）的淡淡倒影向玻璃靠近，却始终没有接触。2.70 秒音乐骤停，那只手也停住，搁在筷子上，直到镜头结束一动不动。倒影内为旧日家中调色——烛光暖色对窗格冷月光；玻璃表面为中性偏冷的现代夜间调色；细腻 35mm 颗粒，2.39:1，无任何文字。","face in focus, steam from the rice, fingertip touching the glass, bowl pattern other than the plum rim band, chopsticks moving on their own, hand moving after the stop, extra fingers, fused fingers, modern objects, ghost overlay outside the glass, red lanterns"
"S027","01:36:22","01:41:19","4.875","舍不得的人间","CHAR_RESTORER LOC_GALLERY LOC_WINDOW LOC_CORRIDOR","Wide shot, 135 mm anamorphic, long-lens compression, from the west end of a 44 m glazed upper verandah corridor of an old harbour customs house at night, lens height 1.45 m on the centre line, looking east, motion-control push so slow it is barely perceptible (about 0.3 m over 4.2 s, starting at 0.70 s). Long waxed teak boards run to the far end; eleven tall arched windows with slim steel glazing bars on the right (south) let in cold silver moonlight, laying arched pools on the floor at a steady 4 m beat. Four tall frameless vitrines stand staggered left and right, their dark glass only catching moonlight, no images yet. Both walls hold about fourteen small wall vitrines whose warm 3000K glows stay permanently out of focus and never resolve. A doorway in the left wall glows warm from the gallery beyond; at 2.58 s the tiny silhouette of the RESTORER (charcoal wool coat, low ponytail) passes across that doorway's depth, walking east. At the far end, through a glazed timber screen, a three-sided bay window: an empty teak window bench before scattered warm harbour lights. Deep focus T8. Modern night grade: neutral-cool, deep-blue shadows never cyan, moon-silver highlights; fine 35mm grain, 2.39:1, no text.","全景，135mm 变形宽银幕长焦压缩，从旧海关大楼二层一条 44 米长、玻璃封闭的南外廊西端向东拍摄，夜；镜头高 1.45 米、位于中轴线，运动控制推进慢到几乎察觉不到（0.70 秒起，4.2 秒内约 0.3 米）。打蜡的柚木长条地板一直铺到尽头；右侧（南）十一扇细钢窗棂的高拱窗透进冷银色月光，在地板上每 4 米铺出一个拱形光斑，节拍稳定。四个通高无框立柜左右错落而立，暗玻璃只接着月光，尚未映出任何画面。两侧墙上约十四个小壁柜，里面 3000K 的暖色光斑永远焦外、永不解析成画面。左墙一个门洞透出展厅的暖光；2.58 秒，修复师（深灰呢外套、低马尾）小小的剪影在门洞深处走过，向东而去。尽头，透过木框玻璃隔断，是三面窗湾：一张空着的柚木窗凳，前面是零星的港口暖灯。T8 深焦。现代夜间调色：中性偏冷，暗部深蓝、绝不偏青，高光月光银；细腻 35mm 颗粒，2.39:1，无任何文字。","anyone on the window bench, era images in the hero vitrines, minor vitrines in focus or showing pictures, readable labels, ceiling lights on, fog, haze, light shafts in the air, shaky camera, moon disc in frame, cyan cast, wide-angle distortion"
"S028","01:41:19","01:44:15","2.833","","CHAR_RESTORER CHAR_GUARD PROP_CASE PROP_GLOVES PROP_PHONE PROP_COAT PROP_FLASHLIGHT LOC_GALLERY","Medium shot, 50 mm anamorphic, eye level, locked, night museum gallery, waxed teak floor, dark cast-iron columns, cold silver moonlight shafts from doorways at screen-right. Soft in the foreground left of centre, the left shoulder and back of the RESTORER (~28-year-old East Asian woman, low loose ponytail, charcoal wool coat with the small worn spot on the outer side of her LEFT cuff resting on the plinth edge, thin warm-white cotton gloves), doing a condition check at a tall vitrine standing open at frame-left, lit inside by a small hooded 3500K inspection lamp. At 0.38 s the GUARD (~65-year-old East Asian night attendant, slightly stooped upper back, square-round face, three forehead lines, gentle down-turned eyes, a pale-brown age spot on his RIGHT cheekbone, short salt-and-pepper hair thinning at the crown, navy jacket a little big at the shoulders with an invented text-free silver ring-and-waves badge, reading glasses on a black cord, left hand behind his back) appears between the columns at right, walking slowly, a black flashlight in his right hand, its 4000K beam aimed at the floor. Focus racks from her to him. He stops a few steps away, looks at her and, at 1.58 s, gives one very small real-time nod. Modern night grade: neutral-cool, deep-blue shadows never cyan, moon-silver highlights; fine 35mm grain, 2.39:1, no text.","中景，50mm 变形宽银幕镜头，平视，锁定；夜间展厅，打蜡柚木地板、纤细的深灰绿铸铁柱、砖墙，冷银月光光柱从画右的门洞斜射进来。前景画面中偏左、柔焦的，是修复师的左肩与背（约28岁东亚女性，低马尾，深灰呢外套——左袖口外侧那块小小的磨损压在展台边沿，略暖白的薄棉手套），她正在画左一面打开的高立柜前做状况检查，柜内只有一盏加了遮光罩的 3500K 小检查灯照着。0.38 秒，夜班工作人员（约65岁东亚男子，上背微驼，方中带圆的脸，额头三道横纹，眼角下垂、目光温和，右颧骨一块浅褐色老年斑，灰多黑少的短发、头顶略稀，藏青值守夹克肩部略显宽大，左胸一枚虚构的、无任何文字的银灰圆环水波纹徽章，老花镜挂在黑色挂绳上，左手背在身后）从画右的铸铁柱之间慢慢走出，右手拿着黑色手电筒，4000K 光束朝着地面。焦点从她移到他。他在几步外停下，看了看她，1.58 秒，以真实速度轻轻点了一下头，幅度很小。现代夜间调色：中性偏冷，暗部深蓝、绝不偏青，高光月光银；细腻 35mm 颗粒，2.39:1，无任何文字。","beam pointed at faces or lens, readable badge text, logo, rank insignia, phone in hand, broad smile, big nod, bow, ring on his hand, ceiling lights, slow-motion nod, her facing the camera, wear spot on the right cuff"
"S029","01:44:15","01:47:21","3.250","","CHAR_RESTORER CHAR_GUARD PROP_GLOVES PROP_COAT PROP_FLASHLIGHT LOC_GALLERY","Medium close-up, 75 mm anamorphic, eye level, locked, night museum gallery. The RESTORER (~28-year-old East Asian woman, soft oval face, straight natural brows, inner double eyelids, a tiny light-brown mole below the outer corner of her LEFT eye, faint tiredness under the eyes, low loose ponytail, no make-up, charcoal wool coat #3C4045, thin warm-white cotton gloves) in left profile, facing screen-left into an open vitrine; a hooded 3500K inspection lamp warms the lower half of her face. Behind her, soft in the background right between cast-iron columns, the GUARD (stooped ~65-year-old East Asian night attendant in a navy jacket, reading glasses on a black cord, flashlight beam aimed at the floor). At 0.37 s she lifts her eyes toward him; at 0.68 s a brief, distracted nod; at 0.88 s her eyes drop back to the case. Focus racks to him from 0.98 s to 1.78 s: he lingers half a second, small and alone; at 2.28 s he turns away; at 3.18 s his flashlight beam recedes along the teak floor. Cool silver moonlight from screen-right doorways. Warm living skin. Modern night grade: neutral-cool, deep-blue shadows never cyan, moon-silver highlights; fine 35mm grain, 2.39:1, no text.","中近景，75mm 变形宽银幕镜头，平视，锁定，夜间展厅。修复师（约28岁东亚女性，鹅蛋脸，自然平直的眉，内双眼皮，左眼外眼角下方一颗极小的浅褐色痣，眼下有一点熬夜的疲惫，低马尾，不化妆，深灰呢外套 #3C4045，略暖白的薄棉手套）以左侧脸入画，面朝画左、对着打开的立柜；加了遮光罩的 3500K 检查灯照暖了她的下半张脸。她身后，背景画右的铸铁柱之间，柔焦的是夜班工作人员（背微驼的约65岁东亚男子，藏青夹克，老花镜挂在黑色挂绳上，手电光束朝着地面）。0.37 秒她抬眼看向他；0.68 秒匆匆、心不在焉地点了一下头；0.88 秒目光落回箱子。0.98 秒到 1.78 秒焦点转到他身上：他在原地多停了半秒，小小的、一个人；2.28 秒他转身离开；3.18 秒手电光束沿柚木地板慢慢远去。冷银月光来自画右的门洞。肤色温暖鲜活。现代夜间调色：中性偏冷，暗部深蓝、绝不偏青，高光月光银；细腻 35mm 颗粒，2.39:1，无任何文字。","held eye contact, smiling, dialogue, beam into lens, guard sharp before the rack, cyan, readable labels, jewellery, wristwatch, slow motion, her mole on the right side"
"S030","01:47:21","01:49:21","2.000","","CHAR_RESTORER PROP_SHIRT PROP_CASE PROP_KEEPSAKE PROP_PASS PROP_GLOVES LOC_GALLERY","Insert, 75 mm anamorphic, high angle 80 degrees looking down into an open rattan suitcase inside a museum vitrine at night, slow push-in about 8% over 2 s. The case is in its museum state: honey-amber split rattan over bamboo, darkened at the handle, one corner's rattan broken and lifted, dried cracked leather straps, dull brass buckles, an indigo resist-print lining with small white flowers. Folded inside: a family member's old men's shirt, faded grey-blue #8392A0 with whitened fold lines and a mended collar, the small cut-away triangle at its lower-right hem facing up; on its top-right corner a boxwood comb, 34 teeth with two worn short, lying on its untied square of faded red-brown cotton #8E4A3C. At the frame edge, a folded cream travel permit with a grey-green guilloche border and four empty photo corner-mounts. At 0.80 s the hooded 3500K inspection lamp rakes across the cotton creases from frame-right; at 1.63 s the RESTORER's hand in a thin warm-white cotton conservator glove, faint brass smudge on the index tip, strokes flat along the collar fold, left to right. Near-black velvet, 3000K vitrine glow. Tactile fibre texture. Modern night grade: neutral-cool, deep-blue shadows never cyan, moon-silver highlights; fine 35mm grain, 2.39:1, no text.","插入镜头，75mm 变形宽银幕镜头，80° 高角度俯视夜间博物馆立柜里一只打开的藤箱，缓慢推进，2 秒约 8%。藤箱是博物馆状态：竹框外包蜂蜜琥珀色劈藤，提手处被手汗浸深，一角藤条断裂翘起，皮带干裂，黄铜带扣发暗，内衬是带白色小碎花的蓝印花布。箱内叠放着一件家人的男式旧衫，褪成灰蓝 #8392A0，折痕处发白，领口补过，衣摆右下角被剪去的小三角朝上可见；旧衫右上角平放着一把黄杨木梳（34 齿，两齿磨短），垫在解开的褪色红褐棉布 #8E4A3C 上。画面边缘，是一张对折的米色通行纸，灰绿扭索纹边框，四个空的照片相角。0.80 秒，加了遮光罩的 3500K 检查灯从画右掠射过棉布折痕；1.63 秒，修复师戴暖白薄棉修复手套的手（食指指尖一点淡淡黄铜污迹）沿衣领折痕从左向右轻轻抚平。近黑的绒布，3000K 柜内微光。纤维质感可触。现代夜间调色：中性偏冷，暗部深蓝、绝不偏青，高光月光银；细腻 35mm 颗粒，2.39:1，无任何文字。","bright new shirt, unbroken rattan, shiny buckles, readable writing on the permit, a photo in the corner-mounts, plastic, museum labels, comb still wrapped, rough handling, bare hands, red lining"
"S031","01:49:21","01:51:22","2.042","旧衫叠进藤箱／乡音留在唇边","CHAR_MIGRANT PROP_SHIRT PROP_CASE LOC_PIER","Insert, 75 mm anamorphic, high angle 80 degrees looking down, locked, the same composition as the museum shot before it, rendered as 48 fps slow motion (50% speed). A 1920s-30s steamer waiting shed at blue hour just after rain; a honey-amber rattan suitcase open on the MIGRANT's knees, bright brass buckles, crisp indigo resist-print lining with small white flowers. Inside lies the same men's shirt, newer: faded grey-blue #6F7F8F cotton, seven cloth buttons, mended collar, a small 3x4 cm triangle cut from its lower-right hem, folded to a 30x22 cm block. The MIGRANT's small strong hands (very short nails, a writing callus on the right middle finger, backs a little red; cuffs of her faded grey-blue floral blouse with white and faded-rose five-petal flowers) are pressing the collar flat at the cut and lift; at 0.48 s the last folded third settles down into the case, cotton falling softly; at 1.08 s her whole palm presses the hem corner flat, then once more at 1.6 s; the cut triangle flashes under her palm. Light: 2400K enamel-shaded bulb from upper right, cool blue-hour skylight from the open seaward side. Real cotton creases. Migrant-era grade: faded-photograph softness, saturation -15%, creamy highlights, never sepia; fine 35mm grain, 2.39:1, no text.","插入镜头，75mm 变形宽银幕镜头，80° 高角度俯拍，锁定，与上一个博物馆镜头构图完全相同，以 48 fps 慢动作呈现（50% 速度）。1920–30 年代轮船候船棚，刚下过雨的蓝调时刻；一只蜂蜜琥珀色的藤箱打开着放在迁徙女性的膝上，黄铜带扣明亮，蓝印花布内衬崭新、带白色小碎花。箱里是同一件男式旧衫，此刻还新：褪色灰蓝 #6F7F8F 棉布，七粒布纽，领口补过，衣摆右下角剪去一个 3×4 厘米的小三角，叠成 30×22 厘米的方块。迁徙女性小而有力的双手（指甲剪得很短，右手中指有握笔的小茧，手背微红；褪色灰蓝碎花衫的袖口，白色与褪玫色的小五瓣花）在切入时正压平衣领，随即抬起；0.48 秒最后折过来的那三分之一轻轻落进箱里，棉布柔软地落下；1.08 秒她用整个手掌把衣角压平，1.6 秒又压一次；那个剪去的三角在她掌心下一闪而过。光：画右上方搪瓷灯罩白炽灯 2400K，开敞的临海一侧透进冷色的蓝调天光。真实的棉布折痕。迁徙时代调色：褪色家庭照片般的柔和，饱和度 −15%，高光微奶油，绝不做棕褐；细腻 35mm 颗粒，2.39:1，无任何文字。","comb in the case (not yet placed), museum damage, broken rattan, gloves, sepia wash, red lining, zipper, plastic, refolding the whole shirt, fast motion, motion-blur smear, extra fingers, fused fingers, case in her left hand"
"S032","01:51:22","01:54:13","2.625","乡音留在唇边／你想被世界看见","CHAR_MIGRANT PROP_CASE LOC_PIER","Medium close-up, 100 mm anamorphic, eye level, limited natural handheld with only a small breathing motion, a 1920s-30s steamer waiting shed at blue hour after rain. The MIGRANT (~20-year-old East Asian woman, round-square face with full cheeks, large bright wide-set eyes, straight thick brows, a small mole above her RIGHT eyebrow peak, slightly chapped lips, sun-pink cheekbones, one long black braid, faded grey-blue floral cotton blouse #8FA1B3 with small white and faded-rose five-petal flowers) sits facing screen-right; behind her a soft crowd of period travellers flows left to right through 2400K bulb pools. At the cut she turns her head back toward screen-left, toward family beyond a railing, unseen and blurred; at 0.41 s her lips move once, silently, a familiar two-syllable name, no sound, not readable; she keeps looking through 2.21 s, eyes glistening, no tears. Shallow focus on her eyes. Light: warm bulb from upper left, cool blue-hour rim from the open seaward side at right, wet planks reflecting bulbs. Living skin. Migrant-era grade: faded-photograph softness, saturation -15%, creamy highlights, never sepia; fine 35mm grain, 2.39:1, no text.","中近景，100mm 变形宽银幕镜头，平视，少量自然手持、只有轻微的呼吸感；1920–30 年代轮船候船棚，雨后的蓝调时刻。迁徙女性（约20岁东亚女子，圆中带方的脸、颊肉饱满，大而亮、两眼距离略宽的眼睛，直而浓的眉，右眉峰上方一颗小痣，嘴唇略干，颧骨有一点日晒的红，一条长长的黑辫子，褪色灰蓝碎花棉布大襟衫 #8FA1B3，白色与褪玫色的小五瓣花）面朝画右坐着；她身后，柔焦的旧时代旅客人群从画左向画右穿过 2400K 的灯泡光池。切入时她回头望向画左——栏杆外的家人，看不见、虚化；0.41 秒她的嘴唇无声地动了一下，像在念一个熟悉的双音节称呼，没有声音、不可读唇；她一直望着，直到 2.21 秒，眼里有光，但没有眼泪。浅景深，焦点在她的眼睛。光：左上方暖色灯泡，右侧开敞的临海一侧有冷色蓝调轮廓光，湿木板映着灯泡。肤色鲜活。迁徙时代调色：褪色家庭照片般的柔和，饱和度 −15%，高光微奶油，绝不做棕褐；细腻 35mm 颗粒，2.39:1，无任何文字。","falling tears, crying, open-mouth speech, readable lip words, crowd faces sharp, modern clothes, zippers, wristwatches, eyeglasses, sepia, over-smoothed skin, shaky documentary camera, crowd flowing right to left"
"S033","01:54:13","01:56:16","2.125","还是被一颗心挂念","CHAR_MIGRANT PROP_SHIRT PROP_CASE PROP_KEEPSAKE LOC_PIER","Close-up, 75 mm anamorphic, high angle about 70 degrees from her side, locked, a 1920s-30s waiting shed under a 2400K enamel-shaded bulb. A honey-amber rattan suitcase (split rattan over bamboo, leather corners, brown leather straps unbuckled, bright brass buckles, lid hinged at the far side) rests closed on the MIGRANT's knees, folds of her faded grey-blue floral blouse at frame-bottom. Her left hand lifts the lid away from camera; by 0.79 s it stands open, showing the indigo resist-print lining and the folded faded grey-blue shirt. Her right hand, small with very short nails and a writing callus on the middle finger, enters from frame-bottom with a little bundle taken from her blouse front: a boxwood comb wrapped in a 15 cm square of faded red-brown cotton #8E4A3C. She lays it on the shirt's top-right corner; at 1.75 s she presses it once with her palm, then holds still for half a beat. Warm bulb light from above, the hand-darkened rattan handle catching highlights, cool blue-hour fill from the right. Real cotton and rattan texture. Migrant-era grade: faded-photograph softness, saturation -15%, creamy highlights, never sepia; fine 35mm grain, 2.39:1, no text.","近景，75mm 变形宽银幕镜头，从她这一侧约 70° 高角度俯拍，锁定；1920–30 年代候船棚，一盏 2400K 搪瓷灯罩白炽灯下。一只蜂蜜琥珀色藤箱（竹框外包劈藤、四角包皮、棕色皮带已解开、黄铜带扣明亮、箱盖合页在远端）合着放在迁徙女性的膝上，画面下沿是她褪色灰蓝碎花衫的衣褶。她的左手把箱盖向远离镜头的方向掀起；0.79 秒箱盖立起，露出蓝印花布内衬和叠好的褪色灰蓝旧衫。她的右手——小手，指甲很短，中指有握笔的茧——从画面下沿入画，拿着刚从衣襟里取出的小布包：一把用 15 厘米见方的褪色红褐棉布 #8E4A3C 包着的黄杨木梳。她把它放在旧衫的右上角；1.75 秒用手掌按了一下，然后停住半拍。暖色灯泡光从上方来，被手握深的藤提手上有高光，右侧有冷色蓝调补光。真实的棉布与藤编质感。迁徙时代调色：褪色家庭照片般的柔和，饱和度 −15%，高光微奶油，绝不做棕褐；细腻 35mm 颗粒，2.39:1，无任何文字。","lid slamming shut, comb unwrapped, bright saturated red cloth, plastic, sepia, extra fingers, case in her left hand, museum damage, broken rattan, gloves, zipper"
"S034","01:56:16","01:58:08","1.667","还是被一颗心挂念／你爱哪味甜／为谁红过脸","CHAR_MIGRANT PROP_SWEETS LOC_PIER","Insert, 100 mm anamorphic, eye level, locked with a micro push of about 3%, a 1920s-30s steamer waiting shed at night. Two pairs of hands, backlit: at centre the MIGRANT's small strong hands cupped palm-up (very short nails, a writing callus on the right middle finger, backs a little red, cuffs of a faded grey-blue floral blouse with small white and faded-rose five-petal flowers). From screen-left comes an older woman's hand, the seeing-off relative: thick knuckles, soft loose skin on the back, a dark-blue cotton cuff #2E3A52. At 0.58 s it presses a 10x8 cm packet of translucent honey oil-paper, tied crosswise with a thin red cotton string, into her palms, then folds her fingers closed over it by 1.24 s. A 2400K enamel-shaded bulb behind the packet makes the oil paper glow honey-gold, revealing soft shadows of peanut-sesame brittle and sugar-frosted candied winter-melon strips inside. Gentle, unhurried, real time. Shallow focus on the packet and fingertips, deep warm-brown bokeh behind. Soft halation around the bulb, true skin texture. Migrant-era grade: faded-photograph softness, saturation -15%, creamy highlights, never sepia; fine 35mm grain, 2.39:1, no text.","插入镜头，100mm 变形宽银幕镜头，平视，锁定并微推约 3%；1920–30 年代轮船候船棚，夜。两双手，逆光：画面中央是迁徙女性掌心向上捧着的一双小而有力的手（指甲很短，右手中指有握笔的茧，手背微红，褪色灰蓝碎花衫的袖口，白色与褪玫色的小五瓣花）。从画左伸来一只年长女性的手——送行的亲人：指节粗，手背皮肤松软，深蓝布袖口 #2E3A52。0.58 秒，它把一个 10×8 厘米、用细红棉绳十字系紧的半透明蜂蜜色油纸包塞进她的掌心，1.24 秒前又把她的手指合拢在纸包上。纸包后面一盏 2400K 搪瓷灯罩白炽灯，把油纸照得像蜂蜜一样发亮，透出里面花生芝麻酥块和撒着糖霜的冬瓜条的柔和影子。轻柔、从容、真实速度。浅景深，焦点在纸包与指尖，身后是深暖褐色的焦外光斑。灯泡周围有柔和光晕，真实的皮肤质感。迁徙时代调色：褪色家庭照片般的柔和，饱和度 −15%，高光微奶油，绝不做棕褐；细腻 35mm 颗粒，2.39:1，无任何文字。","faces, printed text on the paper, plastic wrap, bright red packaging, ribbon bow, coins, rings, nail polish, extra fingers, fused fingers, giving from screen-right, cellophane"
"S035","01:58:08","02:01:06","2.917","为谁红过脸／恨过谁的欺瞒","CHAR_WIFE PROP_PATCH PROP_LAMP PROP_CANDLE LOC_HOME","Close-up, 75 mm anamorphic, eye level slightly high, locked, inside an early-17th-century granite stone house at night. The WIFE (slender ~30-year-old woman, black hair in a low bun with a plain wooden hairpin, washed pale-blue cotton jacket #7D9CBB, a thin slightly tarnished silver bangle on her LEFT wrist, an old brass thimble on her left middle finger) sits on a low stool under a cracked-ice lattice window, a faded indigo jacket across her knees with its right cuff turned out: she is sewing a 4.5x6 cm patch of pale-blue cloth, the same cloth as her own jacket, inside the cuff with small off-white running stitches. Only her lower face shows; eyes and brow stay in shadow. At 0.54 s she bites off the thread; a shy smile begins at the corners of her mouth, half hidden in candlelight. At 1.17 s she glances toward the open door at screen-left; focus racks from 1.47 s to 1.98 s past her to the deep background: just beyond the door jamb, a small brown-glazed oil-lamp dish in a granite niche, its steady 2 cm 1900K flame. Light: candle 1850K side-back from screen-right, lattice moonlight shadows on her shoulder. Old-home grade: candle-warm interior against cool lattice moonlight, blacks slightly lifted; fine 35mm grain, 2.39:1, no text.","近景，75mm 变形宽银幕镜头，平视略俯，锁定；17 世纪初花岗岩石屋室内，夜。等待的人（清瘦的约30岁女子，黑发挽成低髻、插一支素面木簪，洗旧的浅蓝粗棉短袄 #7D9CBB，左手腕一只微微氧化的素银细镯，左手中指戴一枚旧铜顶针）坐在冰裂纹木窗格下的矮凳上，膝上搭着一件褪色的靛蓝短褂，右袖口翻了出来：她正在袖口里层缝一块 4.5×6 厘米的浅蓝布补丁——和她自己短袄是同一块布——本白棉线，细小的平针。只露出下半张脸；眼睛和眉毛一直在阴影里。0.54 秒她咬断线头；嘴角先动，一个羞涩的笑，半藏在烛光里。1.17 秒她朝画左敞开的门口看了一眼；1.47–1.98 秒焦点越过她转到深处背景：门框外侧，花岗岩壁龛里一只酱褐釉陶油灯盏，约 2 厘米的 1900K 火苗稳稳地亮着。光：画右侧逆的烛光 1850K，冰裂纹窗格的月影落在她肩上。旧日家中调色：烛光暖色的室内对窗格透入的冷月光，黑位略抬；细腻 35mm 颗粒，2.39:1，无任何文字。","full face visible, eyes visible, bright frontal light, laughing, modern steel scissors, plastic, red lanterns, incense smoke, lamp flickering wildly, glazed windows, electric light, bangle on the right wrist, patch on the left cuff"
"S036","02:01:06","02:03:07","2.042","恨过谁的欺瞒／又替谁／求来年平安","CHAR_MIGRANT PROP_CASE LOC_PIER","Wide shot, 32 mm anamorphic, eye level, locked, deep focus with foreground hands and the distant ship both sharp, the far end of a 1920s-30s timber-and-steel steamer waiting shed at blue hour after rain: corrugated-iron roof on cast-iron columns, 2400K enamel-shaded bulbs making warm pools on wet reflective planks. Through the wide-open gate a grey-blue sea and, moored at screen-right, a passenger steamer with black hull, white superstructure, one tall funnel in invented ochre with a slate band and black top, a row of warm portholes. In the foreground left, over a waist-high timber railing, two hands clasp tightly: the MIGRANT's left hand and, from screen-left, an older woman's hand with thick knuckles, soft loose skin and a dark-blue cotton cuff #2E3A52. The MIGRANT (~20-year-old East Asian woman, one long black braid down her back, faded grey-blue floral blouse #8FA1B3) stands seen from behind three-quarter, her honey-amber rattan suitcase in her RIGHT hand. Travellers drift toward the gate. At 0.16 s the hands settle; at 1.40 s the elder's thumb strokes the back of her hand once. Migrant-era grade: faded-photograph softness, saturation -15%, creamy highlights, never sepia; fine 35mm grain, 2.39:1, no text.","全景，32mm 变形宽银幕镜头，平视，锁定，深焦——前景的手与远处的船同时清晰；1920–30 年代木钢结构轮船候船棚的尽头，雨后蓝调时刻：铸铁柱撑起波纹铁皮屋顶，2400K 搪瓷灯罩白炽灯在潮湿反光的木板上留下一个个暖色光池。敞开的大门外是灰蓝色的海，画右停泊着一艘客轮：黑色船壳、白色上层建筑、一根高烟囱为虚构的赭黄配色加一道石板灰带、黑顶，一排暖色舷窗。前景画左，一道齐腰高的木栏杆上方，两只手紧紧握在一起：迁徙女性的左手，与从画左伸来的一只年长女性的手——指节粗、皮肤松软、深蓝布袖口 #2E3A52。迁徙女性（约20岁东亚女子，一条长长的黑辫垂在背上，褪色灰蓝碎花衫 #8FA1B3）以四分之三背影站着，右手提着蜂蜜琥珀色藤箱。旅客们缓缓向大门走去。0.16 秒两只手握定；1.40 秒年长者的拇指在她手背上摩挲了一下。迁徙时代调色：褪色家庭照片般的柔和，饱和度 −15%，高光微奶油，绝不做棕褐；细腻 35mm 颗粒，2.39:1，无任何文字。","readable ship name, real shipping-line colours, flags, logos, signs, case in her left hand, steamer on screen-left, crowd faces sharp, modern items, sepia, cyan sea, letting go"
"S037","02:03:07","02:06:03","2.833","一枚印章","CHAR_MIGRANT PROP_STAMP PROP_PASS LOC_PIER","Insert, 75 mm anamorphic, 45 degrees down, locked, shot through the glass partition window of a high timber stamp counter with a brass rail in a 1920s-30s waiting shed; a 2400K enamel-shaded bulb behind the counter reflects softly in the glass. On the counter lies an open folded travel permit: cream laid paper, a fine grey-green guilloche border, ruled fields of faint unreadable handwriting, its small photo hidden under the clerk's fingertips. A hand in an invented khaki-grey uniform cuff without insignia raises a brass-faced stamp with a turned dark rosewood handle; it peaks at 0.74 s and comes down at 1.29 s in one heavy, slowed press, violet aniline ink #5B4A78, never red, sinking into the paper fibres, the impression half over the border at (0.60, 0.50): an invented text-free emblem, a double ring around a simple steamer over three waves under a six-pointed star. At 2.31 s the stamp lifts. Out of focus at the left frame edge, the MIGRANT's faded grey-blue floral sleeve stretches back toward screen-left, held by someone unseen. Slow motion: 48 fps feel, ramping to 96 fps at the strike. Migrant-era grade: faded-photograph softness, saturation -15%, creamy highlights, never sepia; fine 35mm grain, 2.39:1, no text.","插入镜头，75mm 变形宽银幕镜头，45° 俯角，锁定，隔着 1920–30 年代候船棚里一座高木柜台（黄铜扶手）的玻璃隔窗拍摄；柜台后一盏 2400K 搪瓷灯罩白炽灯在玻璃上映出柔和的倒影。台面上摊开一张对折的通行纸：米色仿古纹纸，细密的灰绿扭索纹边框，表格栏里是淡淡的、不可读的手写字，那张小照片被办事员的指尖遮住。一只穿虚构卡其灰制服袖口（无任何徽记）的手举起一枚黄铜印面、紫檀色木柄的印章；0.74 秒举到最高，1.29 秒落下——沉沉的、被放慢的一压，苯胺紫印泥 #5B4A78（绝不是红色）压进纸纤维，印迹半压在边框上，位于 (0.60, 0.50)：一个虚构的、没有任何文字的图案——双圈之内一艘简化的轮船、三道波浪与一颗六角星。2.31 秒印章抬起。画面左缘焦外，迁徙女性褪色灰蓝碎花衫的衣袖向画左身后伸去，被一个看不见的人握着。慢动作：48 fps 质感，落章瞬间升至 96 fps。迁徙时代调色：褪色家庭照片般的柔和，饱和度 −15%，高光微奶油，绝不做棕褐；细腻 35mm 颗粒，2.39:1，无任何文字。","letters, numbers, readable seal text, red ink, real government emblem, flag, insignia, the photo's face visible, rubber office stamp, ballpoint pen, plastic, fast motion blur, ink splatter"
"S038","02:06:03","02:09:18","3.625","一枚印章／许你到下一站","CHAR_MIGRANT PROP_CASE PROP_PASS LOC_PIER","Medium shot, 40 mm anamorphic, eye level, slow lateral follow to screen-right at about 1 m/s with a little natural handheld breathing, a 1920s-30s steamer waiting shed at blue hour after rain: wet planks mirroring 2400K bulb pools, cast-iron columns, the open gate brighter at far right. At 0.07 s the barrier swings open and a crowd of period travellers surges right toward the steamer. The MIGRANT (~20-year-old East Asian woman, round-square face, straight thick brows, a small mole above her RIGHT eyebrow peak, one long black braid, faded grey-blue floral cotton blouse #8FA1B3 with small white and faded-rose flowers) lifts her honey-amber rattan suitcase in her RIGHT hand and walks right; her left arm stretches back over a waist-high timber railing to screen-left, still held by an older woman's hand in a dark-blue cotton sleeve #2E3A52, the elder herself soft at frame-left. Around 1.5 s she looks back over her left shoulder; by 2.11 s both arms are pulled straight above the railing, the hands still joined, taut, to the end. Real-time performance. Migrant-era grade: faded-photograph softness, saturation -15%, creamy highlights, never sepia; fine 35mm grain, 2.39:1, no text.","中景，40mm 变形宽银幕镜头，平视，以约每秒 1 米的速度缓慢向画右横向跟移，带一点自然手持的呼吸感；1920–30 年代轮船候船棚，雨后蓝调时刻：湿木板映着 2400K 灯泡的光池，铸铁柱，画右远处敞开的闸口更亮。0.07 秒闸门打开，一群旧时代旅客向画右的轮船涌去。迁徙女性（约20岁东亚女子，圆中带方的脸，直而浓的眉，右眉峰上方一颗小痣，一条长长的黑辫，褪色灰蓝碎花棉布衫 #8FA1B3，白色与褪玫色小花）用右手提起蜂蜜琥珀色藤箱，向画右走去；她的左臂越过一道齐腰高的木栏杆向画左身后伸着，仍被一只穿深蓝布衣袖 #2E3A52 的年长女性的手握着，年长者本人在画左柔焦。约 1.5 秒她越过左肩回头；2.11 秒两人的手臂在栏杆上方被拉直，手仍连着、绷着，直到镜头结束。真实速度的表演。迁徙时代调色：褪色家庭照片般的柔和，饱和度 −15%，高光微奶油，绝不做棕褐；细腻 35mm 颗粒，2.39:1，无任何文字。","case in her left hand, steamer on screen-left, crowd flowing right to left, letting go, running, whip pan, shaky handheld, readable signs, flags, modern items, sepia, dropping the case"
"S039","02:09:18","02:13:19","4.042","谁许你／回到离别前","CHAR_MIGRANT LOC_PIER","Extreme close-up, 100 mm anamorphic, eye level, locked, rendered as 48 fps slow motion at 50% speed, backlit by the grey-blue blue-hour sky through the open end of a 1920s waiting shed, light glowing between the fingers. Two hands joined palm to palm in mid-air above a railing: from screen-left, an older woman's RIGHT hand seen from the back, thick knuckles, soft loose skin, a dark-blue cotton cuff #2E3A52, palm facing forward away from camera; on its far side the MIGRANT's small left hand, very short nails, reddened knuckles, faded grey-blue floral cuff, wrapped into it. From 0.63 s they slide apart, slowly: palms, knuckles, fingertips; at 2.97 s only fingertips touch; at 3.21 s they part. Her hand drifts out of frame to the right, toward the ship. The elder's hand stays exactly where it was, at (0.36, 0.56), palm forward, four fingers gently curled, thumb at left, suspended, alone and motionless for the final beat. Warm 2400K bulb spill from upper left touches the knuckles. Real skin texture. Migrant-era grade: faded-photograph softness, saturation -15%, creamy highlights, never sepia; fine 35mm grain, 2.39:1, no text.","大特写，100mm 变形宽银幕镜头，平视，锁定，以 48 fps、50% 速度的慢动作呈现；逆光——1920 年代候船棚敞开的一端透进灰蓝色的蓝调天光，从指缝间透亮。两只手在栏杆上方的半空中掌心相握：从画左伸来的是一只年长女性的右手，我们看到的是手背——指节粗、皮肤松软、深蓝布袖口 #2E3A52，掌心朝前、背对镜头；在它的另一侧，迁徙女性小小的左手（指甲很短，指节微红，褪色灰蓝碎花袖口）握在其中。0.63 秒起，两只手慢慢滑开——掌心、指节、指尖；2.97 秒只剩指尖相触；3.21 秒分开。她的手向画右滑出画外，朝着船的方向。年长者的手却完全停在原来的位置 (0.36, 0.56)：掌心向前、四指微弯、拇指在左侧，悬在半空，在最后一拍里独自一动不动。左上方 2400K 灯泡的暖光轻轻落在指节上。真实的皮肤质感。迁徙时代调色：褪色家庭照片般的柔和，饱和度 −15%，高光微奶油，绝不做棕褐；细腻 35mm 颗粒，2.39:1，无任何文字。","hand moving after separation, hand dropping or closing, waving, extra fingers, fused fingers, deformed knuckles, rings, nail polish, motion-blur smear, morphing hands, faces, palm facing camera"
"S040","02:13:19","02:15:10","1.625","回到离别前","CHAR_RESTORER PROP_CASE PROP_PASS PROP_GLOVES PROP_COAT LOC_GALLERY","Extreme close-up, 100 mm anamorphic, eye level, locked with an extremely slow pull-back of about 2% over 1.6 s, night museum gallery. The RESTORER's right hand in a thin warm-white cotton conservator glove with a ribbed cuff, the charcoal wool sleeve of her coat #3C4045 at the wrist with no wear on this right cuff, is raised before the closed front glass of a tall migration vitrine, seen from the back: palm facing the glass, four fingers gently curled, thumb at left, one finger-width from the glass and not touching, at (0.36, 0.56). In the glass, a faint reflection of the glove's palm side shows a grey-brown brass smudge on the index fingertip. Behind the glass, out of focus on near-black navy velvet: an open travel permit with a grey-green border, its stamp faded to grey-violet #7A6E8C at (0.60, 0.50), and four empty photo corner-mounts with no photo. At 0.81 s the focus breathes slightly deeper so the faded mark surfaces, softly, never sharp. Light: cold silver moonlight from screen-right doorways on the glove, a small 3000K vitrine glow behind. Modern night grade: neutral-cool, deep-blue shadows never cyan, moon-silver highlights; fine 35mm grain, 2.39:1, no text.","大特写，100mm 变形宽银幕镜头，平视，锁定并以极慢的速度后拉（1.6 秒约 2%），夜间展厅。修复师的右手戴着暖白薄棉修复手套（罗纹腕口），腕上是深灰呢外套 #3C4045 的衣袖——这只右袖口没有磨损——停在一面高高的迁徙主题立柜关闭着的正面玻璃前，我们从手背一侧看去：掌心朝向玻璃，四指微弯，拇指在左，离玻璃一指宽，没有碰上，位于 (0.36, 0.56)。玻璃里淡淡映出手套掌心一侧，食指指尖一点灰褐色的黄铜污迹。玻璃后面，近黑深蓝绒布上焦外的是：一张摊开的通行纸，灰绿边框，印迹已褪成灰紫 #7A6E8C，位于 (0.60, 0.50)，四个空的照片相角——没有照片。0.81 秒焦点微微向深处呼吸，褪色的印迹柔柔地浮现，却始终不清晰。光：画右门洞来的冷银月光落在手套上，后方一点 3000K 的柜内微光。现代夜间调色：中性偏冷，暗部深蓝、绝不偏青，高光月光银；细腻 35mm 颗粒，2.39:1，无任何文字。","fingertip touching the glass, bare hand, photo in the corner-mounts, readable text, sharp permit, bright violet stamp, open vitrine door, wristwatch, ring, palm facing camera, wear spot on the right cuff"
"S041","02:15:10","02:18:04","2.750","千年啊／不过无数个今晚","CHAR_RESTORER CHAR_WIFE PROP_BOWL PROP_LAMP PROP_GLOVES LOC_GALLERY LOC_HOME","Wide shot opening on a reflection, 32mm anamorphic, eye level, close to the low-iron glass of a dark museum wall vitrine at night; 24 fps. Frame 0: soft at left-centre, the warm-white cotton-gloved right hand of RESTORER (~28, East Asian, charcoal wool coat) hovers a finger's width from the glass beside its faint reflection. From 0.06 s focus racks slowly through that reflection into mirror depth as the camera eases 15 cm closer; by 1.6 s the frame locks on the eaves of a 17th-century coastal granite house at night, sky in the upper third. Clouds thicker and lower than before, damp air, the moon only a pale glow behind cloud at upper right; the step sheens with humidity, no rain. WIFE, a slender ~30-year-old woman in a washed pale-blue cotton jacket, low bun with a plain wooden pin, a thin tarnished silver bangle on her LEFT wrist, sits alone at her door facing frame right, face lost in shadow, never clear. At the step's outer edge under the drip line, the empty blue-and-white bowl, its rim band one continuous plum branch, faces the sky; a 1900K oil lamp burns in the niche at far left. Glass in the modern night grade; the eaves in the old-home grade, cloud-veiled moonlight and one warm lamp; fine 35mm grain, 2.39:1, no text.","开场是一面玻璃里的反射，全景，32mm 变形镜头，平视，贴近夜间博物馆一面低铁超白玻璃的暗色立柜；24 fps。第 0 帧：画面左中部、柔虚，修复师（约 28 岁东亚女性，深灰羊毛呢外套）戴略暖白的薄棉手套的右手悬在离玻璃一指宽处，旁边是它淡淡的倒影。0.06 秒起，焦点缓慢穿过这道倒影进入玻璃的镜像深处，摄影机同时缓缓前推约 15 厘米；到 1.6 秒，画面锁定在 17 世纪海边花岗岩石屋的屋檐下，夜，天空占画面上三分之一。云比上一次更厚、更低，空气潮湿，月亮只是右上方云后的一团淡光；花岗岩石阶泛着湿气，没有下雨。等待的人——清瘦、约 30 岁的妇人，洗旧的浅蓝粗棉短袄，低髻插一支素面木簪，左手腕一只微微氧化的素银细镯——独自坐在门口，面朝画右，脸隐在阴影里，始终看不清。石阶外沿的滴水线下，那只空的青花碗口沿一圈连绵的折枝梅，碗心朝天；画面最左，壁龛里一盏 1900K 的小油灯亮着。玻璃为现代夜间调色；屋檐下为旧日家中调色——云后的月光与一点暖灯；细腻 35mm 颗粒，2.39:1，无任何文字。","child or child's silhouette in the wide, rain, raindrops or puddles, clear sky with a sharp moon disc, stars, the wife's face clear or front-lit, wife looking at camera, bowl full or upside down, any bowl pattern other than the plum-band canonical bowl, lamp unlit, electric light, glass or glove still visible after 1.6 s, ghost figure standing in the gallery, gloved hand touching the glass, layout different from S019, morph between the two worlds"
"S042","02:18:04","02:19:21","1.708","不过无数个今晚／有人等一场雨","CHAR_WIFE PROP_BOWL PROP_LAMP LOC_HOME","Ground-level insert, 24mm probe lens resting on a granite doorstep at night, locked; 24 fps; a 17th-century coastal stone house. In the near foreground at frame left, the flared rim of an empty folk-kiln blue-and-white bowl, its rim band one continuous flowering plum branch, the plum blossom in its centre facing the sky. At frame right, the toe of a woman's dark cloth shoe with old visible mending stitches and the hem of a dark indigo skirt: WIFE, sitting still at her door, nothing else of her in frame. Damp granite, humid air, no rain. At 0.85 s a pair of small bare feet of a child about four years old steps in from the dark doorway behind and stops between the bowl and her shoe, toes curling on the cool stone; at 1.5 s the toes wiggle restlessly once. Only feet and ankles are ever seen. Light: diffuse, cloud-softened moonlight from above right; warm 1900K oil-lamp glow from the door niche off frame left rims the toes and the bowl's edge. T5.6, focus on the plane between rim and feet. Deep blue air with one amber point, natural skin. Old-home grade: candle-warm interior against cool lattice moonlight, blacks slightly lifted; fine 35mm grain, 2.39:1, no text.","贴地插入镜头，24mm 探针镜头贴在夜里一级花岗岩门前石阶上，锁定；24 fps；17 世纪海边石屋。画左近前景，是一只空的民窑青花碗外翻的口沿，口沿一圈连绵的折枝梅，碗心的梅花朝着天。画右，是一只女人深色布鞋的鞋头，鞋面上有旧日补过的针脚，以及深靛黑布裙的裙边——等待的人静静坐在门口，画面里只有她的鞋与裙边。花岗岩潮湿，空气闷湿，没有下雨。0.85 秒，一双约四岁孩子光着的小脚从身后暗暗的门口走进画面，停在碗与她的鞋之间，脚趾蜷在凉凉的石头上；1.5 秒，脚趾不安分地动了一下。始终只看到脚与脚踝。光：被云柔化的漫射月光从右上方来；画外左侧门边壁龛里 1900K 的小油灯暖光勾亮脚趾与碗沿。T5.6，焦点落在碗沿与小脚之间的平面。深蓝的空气里一个琥珀暖点，自然肤色。旧日家中调色：烛光暖色的室内对窗格透入的冷月光，黑位略抬；细腻 35mm 颗粒，2.39:1，无任何文字。","child's face, body, legs above the ankles, child's hands, an adult lifting the child, shoes on the child, rain falling, water in the bowl, bowl moved or tipped, wrong bowl pattern, modern sandals, plastic, hyper-sharp macro texture, distorted or extra toes, fisheye bulge, crushed blacks, warm daylight"
"S043","02:19:21","02:22:05","2.333","有人等一场雨／有人等沉默被听见","CHAR_MIGRANT PROP_SHIRT PROP_CASE PROP_LETTER LOC_PIER","Medium close-up, 75mm anamorphic, eye level slightly high, slow push-in of about 20 cm; 24 fps. A 1920s-30s pier waiting shed at night, under the third enamel-shaded 2400K bulb, warm light falling from above right; blue-black night sea beyond, travellers soft behind. MIGRANT, a ~20-year-old East Asian woman with one long black braid, a small mole above her RIGHT brow peak and slightly chapped lips, in a faded grey-blue cotton blouse with small white and faded-rose five-petal flowers, sits on an upturned wooden crate at frame left, her honey-amber rattan suitcase across her knees as a desk. Her letter on cream bamboo paper with faded vermilion column rules is folded in thirds, then in half. At 0.3 s she opens the last fold: tucked inside lies a small triangle of faded grey-blue shirt cloth. At 1.3 s her right thumb strokes it once. At 1.9 s she closes the fold along its soft old crease and presses it flat with her whole palm; the folded edge lies horizontal in the lower third. The letter is never sealed; the handwriting stays soft and illegible. Living skin, deep shadows. Migrant-era grade: faded-photograph softness, saturation -15%, creamy highlights, never sepia; fine 35mm grain, 2.39:1, no text.","中近景，75mm 变形镜头，平视略俯，缓慢推进约 20 厘米；24 fps。1920–30 年代码头候船棚，夜，第三盏搪瓷灯罩白炽灯（2400K）下，暖光从右上方落下；棚外是蓝黑色的夜海，身后的旅客模糊。迁徙女性——约 20 岁东亚女子，一条乌黑长辫，右眉峰上方一颗小痣，嘴唇略干，穿褪色灰蓝底、印白色与褪玫色小五瓣碎花的棉布大襟衫——坐在画左一只倒扣的木箱上，蜂蜜琥珀色的藤箱横在膝上当桌子。她的信写在印着褪色朱红竖格的米色薄竹纸上，先三折、再对折。0.3 秒，她打开最后一折：折缝里夹着一小片三角形的褪色灰蓝旧衫布。1.3 秒，她的右手拇指摸了一下那片布。1.9 秒，她沿着柔软的旧折痕合上，用整个手掌把信压平；折好的信边水平地落在画面下三分之一。信始终没有封口，字迹柔虚、不可读。肤色鲜活，暗部有层次。迁徙时代调色：褪色家庭照片般的柔和，饱和度 −15%，高光微奶油，绝不做棕褐；细腻 35mm 颗粒，2.39:1，无任何文字。","letter fully unfolded with legible writing, readable characters, envelope, wax seal, red or patterned cloth instead of grey-blue, cloth larger than a small triangle, case held in her left hand, short hair or two braids, missing mole or mole on the left, modern clothing, zippers, sepia, cold white light, crying, moving to a ship's berth"
"S044","02:22:05","02:25:02","2.875","有人要把山河／握在掌间","CHAR_MAPHAND PROP_MAP LOC_MAPOFFICE","Top-down insert, 75mm anamorphic, 90 degrees down onto an 1890s drafting table, slow push-in of about 25 cm drifting slightly up-frame; 24 fps. A linen-backed hand-drawn coastal map: brown-ink coastline, hachured hills, blank water; on the shore a tiny pen-drawn fishing village of house outlines, boats drawn up on the beach. MAPHAND, only hands and cuffs: a middle-aged man's well-kept hands, ethnically ambiguous medium skin, a writing bump and faint ink stain on the right middle finger, no ring, dark charcoal frock-coat sleeves, starched white cuffs, plain brass oval cufflinks. The left fingertips hold an ebony brass-edged ruler; the right hand runs a steel ruling pen along it from frame left to right, and at 0.7 s, without hesitation, a straight horizontal line of wet blue-black iron-gall ink cuts through the village's lowest row of houses. At 2.27 s the left hand rises over the wet line without touching it and spreads flat above it, palm covering the village, heel a finger's width clear of the glistening ink. Light: brass kerosene lamp 2200K at frame right; cold moonlight cut into parallel louvre stripes across map and hands. Nothing red, no legible writing. Map-office grade: the hardest, highest-contrast cold look, saturation -25%, grey-green surroundings; fine 35mm grain, 2.39:1, no text.","正顶拍插入镜头，75mm 变形镜头，90° 垂直向下对着一张 1890 年代的制图桌，缓慢推进约 25 厘米并略向画面上方漂移；24 fps。一张裱在亚麻布上的手绘海岸地图：褐色墨线的海岸、晕滃线画的山、水域留白；岸边用细笔画着一小片渔村——房屋轮廓，几条拖上沙滩的小船。掌管地图的手，只见手与袖口：一双保养良好的中年男人的手，肤色是难以判定族裔的中间色，右手中指有写字茧和一点墨渍，无戒指；深炭黑礼服袖，浆白的衬衫袖口，素面黄铜椭圆袖扣。左手指尖按着一把乌木铜边直尺；右手持钢制直线笔沿尺从画左向画右划去，0.7 秒，毫不犹豫，一条笔直的水平铁胆墨线——湿时蓝黑——穿过渔村最下面一排房屋。2.27 秒，左手从湿墨线上方抬过、不碰到它，在线的上方整个摊平按下，掌心盖住那片渔村，掌根离闪亮的湿墨还有一指宽。光：画右一盏黄铜底座煤油灯 2200K；半闭的百叶把冷月光切成平行条纹，落在地图与手上。没有任何红色，没有任何可读文字。地图办公室调色：全片最冷硬、反差最高，饱和度 −25%，四周压成冷灰绿；细腻 35mm 颗粒，2.39:1，无任何文字。","red ink, red line, smeared or blotted ink, palm or sleeve touching the wet line, readable place names or letters, compass rose with letters, real colonial map, coat of arms, crest or monogram on the cufflink, ring, face or body of the official, fountain pen or ballpoint, modern plastic ruler, warm cosy grade, soft low-contrast look, boats drawn on the open water, distorted fingers"
"S045","02:25:02","02:28:16","3.583","握在掌间／有人只想再见／某个人一面","CHAR_NAVIGATOR PROP_PATCH PROP_SHIPLAMP PROP_OUTERCOAT LOC_DECK","Close-up, 100mm anamorphic, high on his hands, then tilting up to his eyes; 24 fps; night at the stern-castle rail of a 17th-century ocean-going junk. Frame 0: the large LEFT hand of NAVIGATOR - thick knuckles, rope calluses, cracked fingertips, white salt crystals on the back - pushes up the wide sleeve of his brown padded night coat and folds back the RIGHT cuff of the faded indigo coarse-cotton jacket beneath, revealing a patch of paler blue hand-woven cloth with uneven off-white running stitches and a doubled knot at one corner; his right wrist turns inward; his fingertips rest on the patch. At 1.6 s, as he raises his eyes, the camera tilts up to his face: a ~35-year-old East Asian seaman, long sun-weathered face, high cheekbones, deep-set dark-brown eyes with sun creases, short salt-bleached beard, a pale old scar at the tail of his LEFT eyebrow, indigo head-cloth over a topknot. He is at frame right, gazing to frame left, where one far warm shore light glows as a soft point; by 2.5 s it shines as a tiny reflection in his eye. Light: hard moonlight from upper right; low warm 1950K stern lantern on his cheek. Navigator-era grade: strongest warm-cool split, deep-blue sea and sky against amber lamplight, greens muted; fine 35mm grain, 2.39:1, no text.","近景，100mm 变形镜头，先俯拍他的手，再上摇到他的眼睛；24 fps；夜，17 世纪远洋帆船艉楼的船舷边。第 0 帧：航海人的左手——指节粗大、掌心有缆绳磨出的厚茧、指尖干裂、手背上有细白的海盐结晶——推起棕色夹棉守夜外衣宽大的衣袖，翻开里面那件褪色靛蓝粗棉短褂的右袖口；袖口里层露出一块颜色更浅的手织浅蓝布补丁，本白棉线的针脚不齐，一角有个打了两次的小结；他的右手腕微微内翻；左手指腹停在补丁上。1.6 秒，他抬起眼，摄影机随之上摇到他的脸：约 35 岁的东亚水手，风吹日晒的长脸、颧骨突出、眼窝略深的深褐眼睛带着日晒细纹、被盐与日光漂浅的短须、左眉尾一道浅白的旧疤、靛蓝头巾裹着发髻。他在画右，望向画左——那里远远一点温暖的岸灯，是一个柔和的光点；到 2.5 秒，它在他眼里映成一个小小的亮点。光：右上方来的硬质月光；低位 1950K 艉灯暖光落在他脸颊上。航海时代调色：全片最强的冷暖对比，深蓝的海与天对琥珀色灯光，绿色压低；细腻 35mm 颗粒，2.39:1，无任何文字。","patch on the left cuff or on the outside of the sleeve, patch red or patterned, right hand turning the cuff, smooth clean hands, gloves, Qing queue or shaved forehead, modern clothing, scar on the right eyebrow, shore light on frame right, looking right, daylight, tears, slow motion, shaky handheld, sharp full-moon disc in frame"
"S046","02:28:16","02:31:15","2.958","换旗换誓言／旧梦换了衣冠","CHAR_MIGRANT PROP_CASE LOC_HARBOR","Locked wide shot, 40mm anamorphic, lens 1.6 m on a quay road at dusk, looking east along a fictional South China Sea waterfront: identical frame and light in every era, hard cuts on the beat; 24 fps. Frame left, a harbour customs-house facade; at 38% across, a gate with a granite threshold where one person waits on the same spot; frame right, harbour water and ships; a flagpole on the corner roof. The sun has just set behind camera: last warm-pink light on the facades, deep blue eastern sky. 0-0.54 s, c.1630s: timber godown, granite landing steps, a stockade gate with a hanging lantern, junks with plain pennants, a woman with a bamboo basket. 0.54 s, c.1890s: a new lime-rendered customs house, kerosene street lamps, a limp invented slate-blue flag with a pale wave line, plain white drill uniforms, a porter with a carrying pole. 1.75 s, c.1930s: an awning and wires, incandescent lamps, a different invented flag, khaki-grey tunics, a single-funnel steamer; MIGRANT (~20, long braid, faded grey-blue floral blouse) holds her rattan case in her RIGHT hand. 2.17 s, c.1950s: repainted facade, window grilles, muted sodium lamps, another invented flag, a father holding a child's hand. One dusk grade in every slice, only practicals change by era; fine 35mm grain, 2.39:1, no real flags or insignia, no text.","锁定的全景，40mm 变形镜头，镜头高 1.6 米，暮色中站在码头路上，沿一座虚构的南海港口水岸向东看：每个时代画面与光线完全相同，在节拍上硬切；24 fps。画左是港口关栈的立面；画面 38% 处是一道关口大门与花岗岩门槛，一个等待的人总站在同一个位置；画右是港湾水面与船；转角屋顶上一根旗杆。太阳刚在摄影机身后落下：立面上是最后一点暖粉色的光，东边天空深蓝。0–0.54 秒，约 1630 年代：木构货栈、花岗岩登岸石阶、挂着一盏灯笼的木栅门、挂着无字长幡的帆船，一个挎竹篮的妇人。0.54 秒，约 1890 年代：新建的石灰抹面关栈、煤油路灯、一面半垂的虚构旗帜（石板灰蓝底、一道浅色波浪线）、素面白色斜纹布制服，一个挑担的脚夫。1.75 秒，约 1930 年代：加了雨棚与电线、白炽路灯、换了另一面虚构旗帜、卡其灰立领制服、一艘单烟囱轮船；迁徙女性（约 20 岁，长辫，褪色灰蓝碎花衫）右手提着她的藤箱。2.17 秒，约 1950 年代：立面重新粉刷、加了铁窗、低饱和的钠灯、又一面虚构旗帜，一个牵着孩子的父亲。每个时代切片是同一种暮色调色，只有人工光随时代变化；细腻 35mm 颗粒，2.39:1，不出现任何真实旗帜或徽章，无任何文字。","real national, colonial, party, military or shipping-line flags, flags in close-up or fluttering heroically, readable signs, shop names, insignia or badges with text, morph or dissolve between eras, camera movement, changing light direction or time of day between slices, sunrise, waiting person in a different position, migrant holding the case in her left hand, crowds blocking the gate, modern cars in pre-1950s slices, Orientalist clichés, sepia wash"
"S047","02:31:15","02:32:20","1.208","地图添一道线","CHAR_MAPHAND PROP_MAP LOC_MAPOFFICE","Macro insert, 100mm macro lens, 90 degrees straight down onto an 1890s linen-backed hand-drawn map, locked; 24 fps. Cream map paper with visible fibres and a faint brown-ink hachured slope. Frame 0: the steel nib of a ruling pen touches down at frame left against the brass edge of an ebony ruler lying just below; in under a second it draws one straight horizontal line of iron-gall ink from left to right at two-thirds of frame height - wet blue-black, bleeding a hair into the paper fibres and glistening under the lamp. At 0.97 s the nib lifts away. Of MAPHAND only the soft edge of a starched white shirt cuff and a plain unengraved brass cufflink shows at the lower-left corner; no face, no ring. Light: hard 2200K kerosene lamp from frame right raking the paper; cold parallel louvre stripes of moonlight across the frame. T8, crisp but not over-sharpened; the ink is never red; no letters, numbers or legible marks. Map-office grade: the hardest, highest-contrast cold look, saturation -25%, grey-green surroundings; fine 35mm grain, 2.39:1, no text.","微距插入镜头，100mm 微距镜头，90° 垂直俯拍一张 1890 年代亚麻裱手绘地图，锁定；24 fps。米色地图纸，纸纤维清晰，一片淡淡的褐墨晕滃线山坡。第 0 帧：直线笔的钢笔尖在画左落下，贴着下方一把乌木直尺的黄铜边；不到一秒，它从左向右划出一条笔直的水平铁胆墨线，位于画面三分之二高度——湿时蓝黑，在纸纤维里微微洇开一丝，在灯下闪着光。0.97 秒笔尖抬起离开。掌管地图的手只在画面左下角露出一点浆白衬衫袖口的柔边和一枚素面无刻花的黄铜袖扣；没有脸，没有戒指。光：画右 2200K 煤油灯硬光掠过纸面；冷月光被百叶切成平行条纹横过画面。T8，清晰但不过度锐化；墨线绝不是红色；没有任何字母、数字或可读的痕迹。地图办公室调色：全片最冷硬、反差最高，饱和度 −25%，四周压成冷灰绿；细腻 35mm 颗粒，2.39:1，无任何文字。","red ink, ink splash or blot, smeared line, crooked or wavy line, readable text or numbers, ballpoint or fountain pen, modern plastic ruler, warm cosy grade, face, ring, crest, motion blur, over-sharpened plastic macro, a second line already present"
"S048","02:32:20","02:35:06","2.417","谁就多一道关","CHAR_MIGRANT PROP_CASE LOC_HARBOR LOC_MAPOFFICE","Close-up, 50mm anamorphic, starting at ground level and rising slowly along her side; 24 fps. A 1930s customs-hall doorway at dusk: a granite threshold capped by an iron edge strip, its straight edge horizontal across frame at two-thirds height, held still for half a second; beyond, out of focus, a waiting queue and a thin band of blue-hour sky. A pair of black cloth shoes with white layered soles stands just behind the strip, side-on to us, toes toward frame right. At 0.57 s the camera rises along her - wide dark indigo trousers, the hem of a faded grey-blue blouse with small white and rose five-petal flowers - and settles at 1.0 s on her RIGHT hand gripping the rattan-wrapped handle of a honey-amber rattan suitcase with brown leather straps and bright brass buckles; the handle bar lies horizontal at the same two-thirds height. At 1.57 s her small strong hand tightens, knuckles whitening. She is MIGRANT, ~20; her face never enters frame. Light: an enamel-shaded 2400K bulb overhead; cool blue-hour spill through the doorway. Deep shadow detail. Migrant-era grade: faded-photograph softness, saturation -15%, creamy highlights, never sepia; fine 35mm grain, 2.39:1, no text.","近景，50mm 变形镜头，从贴地高度开始，沿她的身侧缓慢升起；24 fps。1930 年代关口大厅的门洞，暮色：一道外缘包着铁条的花岗岩门槛，笔直的边线水平横过画面三分之二高度，静止停留半秒；门外焦外是排队等候的人群与一线蓝调时刻的天光。一双白色千层底的黑布鞋停在铁条后面，侧对镜头，鞋尖朝向画右。0.57 秒摄影机沿着她升起——深靛黑阔腿裤、褪色灰蓝底白色与褪玫色小五瓣碎花大襟衫的衣摆——1.0 秒停在她的右手上：她攥着一只蜂蜜琥珀色藤箱藤皮缠绕的提手，藤箱有棕色皮带与明亮的黄铜带扣；提手横杆水平地停在同样的三分之二高度。1.57 秒，她小而有力的手攥得更紧，指节发白。她是约 20 岁的迁徙女性，脸始终不入画。光：头顶一盏搪瓷灯罩白炽灯 2400K；门洞外透进冷色的蓝调天光。暗部有层次。迁徙时代调色：褪色家庭照片般的柔和，饱和度 −15%，高光微奶油，绝不做棕褐；细腻 35mm 颗粒，2.39:1，无任何文字。","case in her left hand, wooden threshold, stepping over the threshold, her face, red cloth, readable signs or tickets, officials or uniforms in focus, flags, modern shoes or sneakers, plastic handle, worn museum-state rattan (it must be new here), sepia, cold white light, shaky camera, fast crane swoop"
"S049","02:35:06","02:38:00","2.750","你的明天／已是我的从前","CHAR_RESTORER PROP_SHIRT PROP_CASE PROP_KEEPSAKE PROP_LETTER PROP_GLOVES PROP_COAT LOC_LAB","Insert, 75mm anamorphic, high angle on a conservator's oak workbench at night, then a slow tilt up; 24 fps. The same rattan suitcase as a museum object: split rattan darkened and frayed, the handle's rattan wrap stained deep brown by old sweat, one broken corner, dry cracked straps, dull buckles left unbuckled. Frame 0: the handle bar horizontal across frame at two-thirds height. The warm-white cotton-gloved right hand of RESTORER, a ~28-year-old East Asian conservator in a charcoal wool coat, closes gently around it; her left hand lifts the lid, a small rubbed lighter-grey worn spot on the little-finger side of her LEFT coat cuff. The camera tilts up into the case: indigo-and-white resist-printed lining, a folded faded grey-blue shirt, on top a small boxwood comb lying on an unwrapped faded red-brown cloth. She moves comb and cloth aside together, and at 1.8 s draws from under the shirt a clear polyester sleeve holding a flattened old letter of cream bamboo paper, its folds now soft valleys, foxed, writing illegible. Light: warm 3500K articulated bench lamp from upper left; dark harbour window beyond. Deep shadow detail. Modern night grade: neutral-cool, deep-blue shadows never cyan, moon-silver highlights; fine 35mm grain, 2.39:1, no text.","插入镜头，75mm 变形镜头，夜里俯拍修复师的橡木工作台，随后缓慢上摇；24 fps。同一只藤箱，如今是博物馆藏品：劈藤发暗、起毛，提手缠绕的藤皮被旧日手汗浸成深褐，一角断裂，皮带干裂，带扣发暗、已经解开。第 0 帧：提手横杆水平地横在画面三分之二高度。修复师——约 28 岁东亚女性文物修复师，深灰羊毛呢外套——戴略暖白的薄棉手套的右手轻轻握住它；她的左手掀起箱盖，左袖口外侧小指一侧有一小块起毛、颜色变浅的磨损。摄影机上摇进入箱内：蓝白相间的蓝印花布内衬，一件叠好的褪色灰蓝旧衫，最上面是一把小黄杨木梳，平放在解开的褪色红褐包布上。她把木梳连同包布一起轻轻移开，1.8 秒从旧衫下面抽出一只透明聚酯保护套——里面是一封展平的米色竹纸旧信，折痕已成柔软的凹谷，有霉斑，字迹不可读。光：左上方 3500K 可调臂台灯的暖光；远处是暗色的港口窗。暗部有层次。现代夜间调色：中性偏冷，暗部深蓝、绝不偏青，高光月光银；细腻 35mm 颗粒，2.39:1，无任何文字。","bare hands, nitrile or blue gloves, new shiny rattan, bright buckles, different case colour, red lining, comb in a box, readable letter, crumpled plastic bag, sleeve with labels or text, logos, harsh fluorescent light, cyan shadows, extra fingers, worn spot on the right cuff, cuffs rolled up"
"S050","02:38:00","02:42:14","4.583","已是我的从前／可我读过年月／不等于把你看穿","CHAR_RESTORER CHAR_GUARD PROP_LETTER PROP_GLOVES PROP_COAT PROP_LEDGER PROP_FLASHLIGHT LOC_LAB","Medium close-up, 75mm anamorphic, eye level from slightly to her side, very slow push-in; 24 fps; a museum conservation studio at night. RESTORER: ~28-year-old East Asian woman, soft oval face, straight natural brows, a tiny light-brown mole below her LEFT eye, faint tiredness, black-brown hair in a loose low ponytail with strands loose at her right temple, no make-up, charcoal wool coat over an oatmeal knit, thin warm-white cotton gloves, left forearm resting on the bench edge. Before her, a flattened old letter and an open green-cloth accession ledger, soft and illegible. At 0.5 s she ticks a year in the ledger with a pencil; she reads on, the pencil gliding down the letter, slowing, and at 2.0 s it stops in mid-air; she reads again, brows drawing slightly together. At 2.5 s, in the dark glass pane of the studio door far behind her, a narrow 4000K flashlight beam slides silently across once; she does not turn. At 2.9 s her eyes lift from the page into the middle distance, thinking. Light: 3500K bench lamp from upper left, soft 4:1 on her face; dark harbour window at right. Natural skin with pores. Modern night grade: neutral-cool, deep-blue shadows never cyan, moon-silver highlights; fine 35mm grain, 2.39:1, no text.","中近景，75mm 变形镜头，平视、略从她的侧面，极缓慢推进；24 fps；夜里博物馆的修复室。修复师：约 28 岁东亚女性，鹅蛋脸，自然平直的眉，左眼下一颗极小的浅褐色痣，带一点熬夜的疲惫，黑褐色头发松松扎成低马尾，右侧太阳穴落下几缕碎发，素颜，深灰羊毛呢外套里是燕麦白针织衫，戴略暖白的薄棉手套，左前臂压在工作台边缘。她面前是一封展平的旧信和一本打开的绿布面藏品登记簿，都柔虚、不可读。0.5 秒，她用铅笔在登记簿的年份旁打了个勾；接着往下读，笔尖沿着信纸滑下、越来越慢，2.0 秒停在半空；她又读一遍，眉头微微收紧。2.5 秒，她身后远处修复室门上那块暗色的玻璃里，一道窄窄的 4000K 手电光束无声地扫过一次；她没有回头。2.9 秒，她的目光从纸面抬起，落在不远不近的空处，若有所思。光：左上方 3500K 台灯，脸上柔和的 4:1 光比；画右是暗色的港口窗。保留毛孔的自然肤质。现代夜间调色：中性偏冷，暗部深蓝、绝不偏青，高光月光银；细腻 35mm 颗粒，2.39:1，无任何文字。","she turns toward the door, the guard visible, the guard's face, readable writing, legible dates or numbers, bare hands, rings, watch, make-up, re-tied or high ponytail, mole on the right cheek, beauty filter, harsh hard shadows, flashlight beam sweeping twice, tears, cyan grade"
"S051","02:42:14","02:45:19","3.208","不等于把你看穿／若后来的人","PROP_LETTER LOC_LAB","Macro, 100mm macro lens at a low grazing angle just above a sheet of thin cream bamboo letter paper on a workbench at night; slow slider move; 24 fps. At 0-0.4 s the warm 3500K pool of an articulated lamp contracts as the lamp is pulled down, until the light covers only the letter and rakes across it; paper fibres glow like fine rivers, a faded vermilion column rule runs through frame, faint foxing. The camera slides slowly, about a centimetre per second, along the last column of brush writing - strokes soft, blurred and illegible - and comes to rest by 1.7 s on the final stroke, centre right: it stops halfway, the brush lifted mid-gesture, a thin dry tail of faded black ink trailing into bare paper. Then it holds, perfectly still, in near-silence. No hands, no people. T5.6, focus following the line, gentle anamorphic falloff, the warm light pool fading into deep blue-black shadow, natural paper texture, not hyper-sharp. Modern night grade: neutral-cool, deep-blue shadows never cyan, moon-silver highlights; fine 35mm grain, 2.39:1, no text.","微距，100mm 微距镜头以低掠射角贴近夜里工作台上一张米色薄竹纸信纸；缓慢的滑轨运动；24 fps。0–0.4 秒，可调臂台灯被拉低，3500K 的暖色光圈随之收缩，直到只剩信纸大小、斜斜地掠过纸面；纸纤维在光里像细小的河流，一道褪色的朱红竖格线横过画面，淡淡的霉斑。摄影机以每秒约 1 厘米的速度，沿着最后一行毛笔字缓缓滑过——笔画柔虚、模糊、不可读——1.7 秒停在画面中心偏右的最后一笔上：这一笔只写到一半，笔锋在半空提起，一道细细的、干涩的褪色墨尾拖进空白的纸面。之后完全静止，在近乎无声里停住。没有手，没有人。T5.6，焦点随字行移动，柔和的变形镜头焦外衰减，暖色光圈渐渐沉入深蓝黑的暗部，纸张质感自然、不过度锐利。现代夜间调色：中性偏冷，暗部深蓝、绝不偏青，高光月光银；细腻 35mm 颗粒，2.39:1，无任何文字。","legible characters, crisp readable calligraphy, fake Chinese characters in the focal plane, printed text, Latin letters, wet glossy fresh ink, brown iron-gall ink colour, hands, brush or pen in frame, red seal stamp, plastic sheen, over-sharpened macro, oversaturated vermilion, digital noise, camera still moving after 1.8 s"
"S052","02:45:19","02:48:14","2.792","翻到我这段","CHAR_RESTORER PROP_LETTER PROP_GLOVES PROP_COAT LOC_LAB","Close-up, 75mm anamorphic, high angle down onto a workbench under a lowered lamp, locked; 24 fps. The gloved right hand of RESTORER - thin warm-white cotton conservator glove with a faint grey-brown brass smudge on the index fingertip, charcoal wool coat cuff at the wrist - holds slim bamboo tweezers and, steadied by her other gloved fingertips, turns a fragile old letter of thin cream bamboo paper over onto its back; the sheet lifts and settles softly between 0.2 and 1.0 s. In the margin, along an old fold, lies a pressed jasmine flower, flattened and browned, its petals thin and translucent in the raking 3500K light; right beside it, the unfinished last column of brush writing from the front shows faintly through the thin paper, mirrored and illegible. By 1.4 s the tweezers have withdrawn and the flower lies revealed; she is still. Focus on the margin fold; a small warm light pool, deep shadow around, fine paper fibres, faint foxing. Natural texture, warmed by the lamp. Modern night grade: neutral-cool, deep-blue shadows never cyan, moon-silver highlights; fine 35mm grain, 2.39:1, no text.","近景，75mm 变形镜头，俯拍被拉低的台灯下的工作台，锁定；24 fps。修复师戴手套的右手——略暖白的薄棉修复手套，食指指尖一点浅灰褐的黄铜污迹，手腕处是深灰羊毛呢外套的袖口——捏着一把细竹镊，另一只戴手套的手指尖轻轻托着，把一封脆弱的米色薄竹纸旧信翻到背面；0.2 到 1.0 秒之间，信纸轻轻抬起、又柔柔落下。页边一道旧折缝里，夹着一朵压扁的茉莉花，已褪成褐色，花瓣在 3500K 的掠射光里薄得半透明；紧挨着它，正面那最后一行没写完的毛笔字透过薄纸隐隐透出来，左右反向、不可读。到 1.4 秒，竹镊已经退开，花完整地露出来；她一动不动。焦点在页边折缝；一小圈暖色光，四周是深暗部，纸纤维细腻，淡淡霉斑。质感自然，被台灯暖化。现代夜间调色：中性偏冷，暗部深蓝、绝不偏青，高光月光银；细腻 35mm 颗粒，2.39:1，无任何文字。","fresh white jasmine, colourful or large flower, rose, petals falling off, torn paper, readable text, bare hands, metal tweezers, plastic sleeve glare, red seal stamp, harsh light, crumpled paper, the flower moving or sliding"
"S053","02:48:14","02:50:05","1.625","别只读年份","CHAR_RESTORER PROP_LETTER PROP_GLOVES PROP_COAT PROP_LEDGER LOC_LAB","Top-down insert, 75mm anamorphic, high angle on an open museum accession ledger at night, locked; 24 fps. Dark green buckram covers with a rubbed spine; ruled cream pages of neat handwritten numbers and dates, soft and illegible; on one row, a small pencil tick beside the year. The warm-white cotton-gloved right hand of RESTORER - faint brass smudge on the index fingertip, charcoal wool coat cuff above the glove's ribbed edge - enters from lower right and at 0.14 s lays a graphite pencil gently on the page beside that year, its tip pointing to upper right; at 0.8 s her fingers open and lift away, leaving the pencil still. She will not write anything more. Light: a lowered 3500K bench lamp from upper left, a warm pool, the page edges falling off into deep blue-black shadow; the ledger at frame left, the soft edge of the old letter at frame right. Visible paper fibre, no readable numbers, warmed by the lamp. Modern night grade: neutral-cool, deep-blue shadows never cyan, moon-silver highlights; fine 35mm grain, 2.39:1, no text.","正顶拍插入镜头，75mm 变形镜头，夜里俯拍一本打开的博物馆藏品登记簿，锁定；24 fps。深绿布面硬壳，书脊磨白；米色横格账页上是整齐的手写编号与日期，柔虚、不可读；其中一行的年份旁有一个小小的铅笔勾。修复师戴略暖白的薄棉手套的右手——食指指尖一点黄铜污迹，手套罗纹腕口上方是深灰羊毛呢外套的袖口——从右下方入画，0.14 秒把一支石墨铅笔轻轻放在那一行年份的旁边，笔尖朝向右上方；0.8 秒手指松开、抬离，铅笔静静留在那里。她不会再写下去了。光：被拉低的 3500K 台灯从左上方照下，一圈暖光，页边沉入深蓝黑的暗部；登记簿在画左，画右是那封旧信柔虚的一角。纸纤维可见，没有任何可读的数字，被台灯暖化。现代夜间调色：中性偏冷，暗部深蓝、绝不偏青，高光月光银；细腻 35mm 颗粒，2.39:1，无任何文字。","writing or erasing, readable digits or dates, legible handwriting, ballpoint or fountain pen, bare hand, ring, red ink, bright white printed form, barcode, logo, pencil rolling, modern spreadsheet"
"S054","02:50:05","02:54:14","4.375","也读我没说完的喜欢","CHAR_RESTORER PROP_LETTER PROP_GLOVES PROP_COAT LOC_LAB","Extreme close-up, 100mm anamorphic, lens low at the letter's far edge looking up toward her, very slow push-in; 24 fps; night, under a lowered lamp. Soft in the bottom foreground: the pressed brown jasmine on thin cream paper and the faint unfinished line beside it. At 0.6 s the round glass of a black-rimmed hand magnifier settles above it; through it, enlarged, the eye of RESTORER: a ~28-year-old East Asian woman, inner double eyelid, straight natural brow, faint tiredness, a tiny light-brown mole below the outer corner of her LEFT eye, loose strands at her right temple, no make-up. Her warm-white cotton-gloved fingertips hover above the paper, never touching. At 1.9 s focus pulls slowly from the flower to her eye, landing at 2.7 s: for the first time she is not identifying - she is reading. At 4.1 s she tilts the magnifier and the lamp light breaks at its rim into a faint, soft spectral halo at upper right, spilling onto the paper. Light: warm 3500K articulated lamp from upper left, intimate, deep shadow beyond. Natural skin with pores, gentle colour. Modern night grade: neutral-cool, deep-blue shadows never cyan, moon-silver highlights; fine 35mm grain, 2.39:1, no text.","大特写，100mm 变形镜头，镜头低低地放在信纸远端，向上望向她，极缓慢推进；24 fps；夜，被拉低的台灯下。画面底部前景柔虚：薄米色纸上那朵压扁的褐色茉莉，和它旁边那行若隐若现、没写完的字。0.6 秒，一只黑框手持放大镜的圆形镜片落到它上方；透过镜片，被放大的是修复师的眼睛：约 28 岁东亚女性，内双眼皮，自然平直的眉，一点熬夜的疲惫，左眼外眼角下方一颗极小的浅褐色痣，右侧太阳穴几缕碎发，素颜。她戴略暖白的薄棉手套的指尖悬在纸面上方，始终没有碰。1.9 秒，焦点从花缓缓移到她的眼睛，2.7 秒落实：她第一次不是在辨认，而是在读。4.1 秒，她把放大镜转过一个角度，台灯的光在镜片边缘折出一圈淡淡的、柔和的彩色光晕，位于画面右上方，并洒落在信纸上。光：左上方 3500K 可调臂台灯的暖光，亲密，远处是深暗部。保留毛孔的自然肤质，色彩温和。现代夜间调色：中性偏冷，暗部深蓝、绝不偏青，高光月光银；细腻 35mm 颗粒，2.39:1，无任何文字。","neon rainbow, blue streak flare, starburst or lens-flare streaks, tears, crying, make-up, mole on the right side, bare hands, gloves touching the flower, readable text, fake characters in focus, grotesquely distorted magnified eye, two eyes inside the lens, extra fingers, hyper-sharp skin, beauty filter, slow-motion"
"S055","02:54:14","02:57:10","2.833","彩窗下","LOC_CHAPEL","Wide shot, 32mm anamorphic, from choir-loft height about 9 m up near the west end of a large, quiet 1950s chapel in a tropical port, facing across the nave; 24 fps. Lime-white walls, a pale grey timber vault, still ceiling fans. At frame right, a tall pointed lancet of abstract, non-figurative stained glass - layered petal shapes in soft muted ruby, amber, cobalt, sea-green and pale rose, no figures, no symbols - blazes with the low 3200K sun of the last fifteen minutes before sunset. Slanting coloured shafts cut through the air toward lower left; faint dust shows only inside the light paths. At 0.18 s the shafts are at their richest. At 0.78 s a slow, weighty techno-crane descent begins, eased in over 18 frames, sinking steadily while panning gently left toward the nave; below, rows of teak pews and the terracotta tile floor begin to catch the first coloured petals. No figure resolves yet. The walls keep deep shadow detail; gentle halation on the glass, only a short warm flare. Chapel grade: the richest colour of the film, stained-glass hues softened, never neon; fine 35mm grain, 2.39:1, no text, no religious images.","全景，32mm 变形镜头，从唱诗廊的高度——约 9 米——位于一座宏大而安静的 1950 年代热带港口礼拜堂西端，朝中殿横向望去；24 fps。石灰白粉墙，浅灰木构拱顶，静止的吊扇。画右，一扇高高的尖拱彩窗——非具象的图案，层层叠叠的花瓣形色块，柔化的绛红、琥珀、钴蓝、海青与浅玫，没有人物、没有符号——被日落前最后十五分钟 3200K 的低角度阳光照得通亮。一束束彩色光柱斜斜地切过空气、落向左下方；淡淡的尘只在光路里看得见。0.18 秒，光柱最盛。0.78 秒，一次缓慢而有分量的伸缩摇臂下降开始，18 帧缓入，稳稳下沉，同时轻轻向左摇向中殿；下方一排排柚木长椅和赤陶方砖地面开始接住第一批彩色光瓣。还看不清任何人。墙面暗部有层次；玻璃上柔和的光晕，只有短而暖的光斑。礼拜堂调色：全片色彩最丰富处，彩窗色相柔化，绝不霓虹；细腻 35mm 颗粒，2.39:1，无任何文字，无任何宗教图像。","religious figures, saints, crosses or crucifixes in focus, inscriptions or text, neon colours, smoke-machine fog or haze everywhere, unmotivated god rays, fast drone swoop, people in the frame, candle close-ups, gothic horror mood, oversaturated glass, long blue lens-flare streaks, camera stopping or jolting at the end"
"S056","02:57:10","03:00:22","3.500","光分成千万瓣","CHAR_MOTHER CHAR_LONELY PROP_AIRLETTER LOC_CHAPEL","Wide shot, 32mm anamorphic, continuing a slow techno-crane descent and pan inside a large 1950s tropical-port chapel at sunset; 24 fps. Low 3200K sun through abstract stained-glass lancets behind us scatters countless soft petals of muted ruby, amber, cobalt, sea-green and pale rose across the terracotta floor, the teak pews and people's clothes; dust only in the light paths. The camera reaches seated height by 1.6 s and glides forward over the pew backs. At 2.0 s, at the right end of the pew ahead, an old man sits alone, small in a pool of coloured light, drifting out of frame right: LONELY, ~75, thin, sparse white hair, a deeply lined sun-darkened face, a thin much-washed white cotton shirt, a cloth cap on his knees under folded hands. The camera continues toward the aisle end of the seventh pew on the south side and the back of MOTHER, a ~45-year-old East Asian woman, black hair with grey at the temples in a low chignon held by black pins, a pale dove-grey short-sleeved cotton-linen qipao, sitting very straight, shoulders drawn forward, both hands holding a folded pale-blue airmail letter to her chest. Coloured petals rest on her shoulders. Chapel grade: the richest colour of the film, stained-glass hues softened, never neon; fine 35mm grain, 2.39:1, no text, no religious images.","全景，32mm 变形镜头，延续一次缓慢的伸缩摇臂下降与横摇，在日落时分一座宏大的 1950 年代热带港口礼拜堂里；24 fps。低角度 3200K 的阳光穿过我们身后的非具象彩窗，把千万瓣柔和的光——柔化的绛红、琥珀、钴蓝、海青、浅玫——洒在赤陶方砖地、柚木长椅和人的衣料上；尘只在光路里看得见。1.6 秒摄影机降到坐姿高度，贴着一排排椅背向前滑行。2.0 秒，前面那排长椅的画右端，一位老人独自坐着，小小的，落在一池彩光里，随后从画右滑出：另一位孤单者，约 75 岁，瘦削，稀疏白发，日晒的深色脸上纹路很深，一件洗得很薄的白棉衬衫，膝上放着一顶旧布帽，双手交叠压在帽上。摄影机继续向前，靠近南侧第七排长椅靠走道的一端，一个女人的背影：祈祷的母亲，约 45 岁东亚女性，黑发里夹着太阳穴处的白发，在颈后盘成低髻、用黑色发夹固定，浅鸽灰棉麻短袖旗袍，坐得很直，肩膀向前收，双手把一封折起来的浅蓝航空信握在胸前。彩色光瓣落在她的肩上。礼拜堂调色：全片色彩最丰富处，彩窗色相柔化，绝不霓虹；细腻 35mm 颗粒，2.39:1，无任何文字，无任何宗教图像。","religious figures or icons, crosses, sign of the cross, praying-hands gesture, altar in sharp focus, text, faces turned to camera, crowded congregation, neon colours, fog machine, mother in bright patterned silk, jade bangle on the right wrist, old man as an exotic caricature, fast or jerky movement, a cut or pause in the crane move"
"S057","03:00:22","03:02:22","2.000","我听不懂你的祈祷","CHAR_RESTORER CHAR_MOTHER PROP_AIRLETTER PROP_GLASSPANEL LOC_CHAPEL LOC_CORRIDOR","Close-up, 100mm anamorphic, locked, pure side profile; 24 fps; a quiet 1950s tropical-port chapel at sunset. MOTHER, a ~45-year-old East Asian woman with an oval face, fairly high cheekbones, fine lines at the eyes, pressed lips, black hair greying at the temple in a low chignon, damp strands on her neck, pale dove-grey qipao with stand collar, sits at frame left third facing right, eyes closed, both hands holding a folded pale-blue airmail letter to her chest; an old pale-green jade bangle on her LEFT wrist. She makes no sign of the cross, no ritual gesture. At 1.5 s her lips move slightly in a silent prayer, its words unknown. Soft in the near foreground at frame right: the lowest tier of the abstract stained-glass window beside her pew, muted ruby, amber and cobalt glass petals, and one small clear diamond pane in which, from the first frames, a faint half-defocused reflection of RESTORER's face (a ~28-year-old modern woman, low ponytail) floats, as if looking in from today. Light: low 3200K sunset through stained glass behind her at frame left, petals on her shoulder; distant candle points. Natural skin; the face in the quarry stays faint and unresolved. Chapel grade: the richest colour of the film, stained-glass hues softened, never neon; fine 35mm grain, 2.39:1, no text, no religious images.","近景，100mm 变形镜头，锁定，正侧面；24 fps；日落时分安静的 1950 年代热带港口礼拜堂。祈祷的母亲——约 45 岁东亚女性，椭圆脸，颧骨较高，眼角细纹，眉形修得很淡，嘴唇抿着，黑发在太阳穴处夹着白发、在颈后盘成低髻，几根碎发被汗贴在颈侧，浅鸽灰立领旗袍——坐在画左三分之一处、面朝画右，闭着眼，双手把一封折起来的浅蓝葱皮纸航空信握在胸前；左手腕露出一只旧的浅绿玉镯。她不划十字，不做任何仪式手势。1.5 秒，她的嘴唇极轻地动了动，在无声地祈祷，祈祷的内容始终未知。画右近前景柔虚：她座位旁那扇非具象彩窗的最下层，柔化的绛红、琥珀、钴蓝玻璃花瓣，其中一块透明的菱形小玻璃里，从最初几帧起就浮着一个淡淡的、半虚的倒影——修复师（约 28 岁的现代女子，低马尾）的脸——看不清，像是从今天望进来。光：低角度 3200K 的落日穿过她身后（画左）的彩窗，彩色光瓣落在她的肩上；远处几点小小的烛光。自然肤色；菱形小玻璃里的脸始终淡而看不清。礼拜堂调色：全片色彩最丰富处，彩窗色相柔化，绝不霓虹；细腻 35mm 颗粒，2.39:1，无任何文字，无任何宗教图像。","sign of the cross, folded praying-hands gesture, rosary, religious figures or saint images, crucifix, text or readable handwriting on the letter, crying, tears, slow motion, eyes opening, looking at camera, the reflected face sharp or bright, a ghost figure standing in the chapel, jade bangle on the right wrist, heavy make-up, modern hairstyle on the mother, neon glass colours"
"S058","03:02:22","03:06:02","3.167","却懂你颤抖的双肩","CHAR_MOTHER PROP_AIRLETTER LOC_CHAPEL","Medium close-up from her right rear at 45 degrees, slightly high, 75mm anamorphic, a barely perceptible push-in; 24 fps; a 1950s tropical-port chapel at the end of sunset. MOTHER - ~45, East Asian, black hair with grey at the temples in a low chignon held by black pins, damp strands on her neck, pale dove-grey cotton-linen qipao - sits upright on a teak pew at frame right third, back to camera, shoulders drawn forward around the folded pale-blue airmail letter she holds in both hands at her chest, a pale-green jade bangle on her LEFT wrist. Soft stained-glass petals of muted ruby, amber and cobalt lie across her shoulders and collar from the west windows behind us. At 0.85 s her shoulders begin to tremble - small, suppressed, at real speed, never slow motion; at 2.2 s it is most visible, her fingers tightening, her thumb rubbing the letter's soft folded edge. From 2.2 s the coloured petals slide away and fade as blue hour arrives; the air turns cool blue and only a few distant warm candle points remain ahead of her. No tears, no face. Colour cooling into blue hour, deep shadow detail. Chapel grade: the richest colour of the film, stained-glass hues softened, never neon; fine 35mm grain, 2.39:1, no text, no religious images.","中近景，从她右后方 45°、略高处，75mm 变形镜头，几乎察觉不到的推进；24 fps；日落将尽时的 1950 年代热带港口礼拜堂。祈祷的母亲——约 45 岁东亚女性，黑发在太阳穴处夹着白发、用黑色发夹盘成低髻，颈侧几缕汗湿的碎发，浅鸽灰棉麻旗袍——挺直地坐在柚木长椅上，位于画右三分之一处，背对镜头，肩膀向前收，护着双手握在胸前的那封折起的浅蓝航空信，左手腕一只浅绿玉镯。我们身后的西窗把柔和的彩窗光瓣——柔化的绛红、琥珀、钴蓝——洒在她的肩与领口上。0.85 秒，她的肩膀开始颤抖——很小、压抑，真实速度，绝不慢放；2.2 秒颤抖最明显，握信的手指收紧，拇指在信柔软的折边上来回摩挲。从 2.2 秒起，彩色光瓣滑走、褪去，蓝调时刻来了；空气变成冷蓝，只剩她前方远处几点温暖的烛光。没有眼泪，不露脸。色彩渐渐转入蓝调时刻，暗部有层次。礼拜堂调色：全片色彩最丰富处，彩窗色相柔化，绝不霓虹；细腻 35mm 颗粒，2.39:1，无任何文字，无任何宗教图像。","slow motion, sobbing, tears, hand raised to her face, sign of the cross, her face visible, turning to look back, bright neon petals, petals still on her after 3.0 s, religious images, harsh spotlight, sharp altar, qipao in bright silk, bangle on the right wrist, exaggerated heaving shoulders"
"S059","03:06:02","03:08:05","2.125","却懂你颤抖的双肩","CHAR_GUARD PROP_PHONE PROP_FLASHLIGHT LOC_WINDOW","Medium close-up from his right rear at 45 degrees, slightly high, 75mm anamorphic, locked; 24 fps; present day, the three-sided bay window at the east end of an old harbour building's upper gallery, night. GUARD, a ~65-year-old East Asian night attendant with short salt-and-pepper hair thinning at the crown and a slightly stooped upper back, wearing a navy night-shift jacket a little big at the shoulders, sits alone on the teak window bench at frame right third, back to camera, bent forward; reading glasses on, their black cord behind his neck; a black flashlight on his belt. On the bench by his right hip stands an old, slightly dented, unbranded dull-steel thermos with a scuffed navy cup-lid. Beyond the slightly wavy old window panes: the dark harbour mouth, breakwater lamps, anchored ships' lights, tiny defocused warm points. At 1.2 s the cool 6500K glow of a phone screen rises from his lap, catching the edge of his cheek, his ear and the rim of his glasses from below. Light: a small 2700K reading lamp in the corner, low and warm; no moonlight through these east windows. Natural skin, deep shadow detail. Modern night grade: neutral-cool, deep-blue shadows never cyan, moon-silver highlights; fine 35mm grain, 2.39:1, no text.","中近景，从他右后方 45°、略高处，75mm 变形镜头，锁定；24 fps；当下，旧港口建筑二层长廊东端的三面窗湾，夜。夜班工作人员——约 65 岁东亚男性，灰多黑少的短发、头顶略稀，上背微驼，穿一件肩部略大的藏青值守夹克——独自坐在柚木窗凳上，位于画右三分之一，背对镜头，身体前倾；已经戴上老花镜，黑色挂绳绕在颈后；腰侧挂着一支黑色手电筒。他右侧胯边的窗凳上立着一只略有磕瘪、没有任何标志的旧哑光不锈钢保温壶，壶盖杯是磨旧的藏青色。微微波纹的老玻璃窗外：暗色的港口出海口、防波堤灯、锚泊船只的灯，细小的焦外暖点。1.2 秒，一点 6500K 的手机屏幕冷光从他膝上亮起，从下方勾出他的脸颊边缘、耳朵和镜框。光：角落一盏 2700K 小阅读灯，低而暖；这几扇东窗里没有月光。自然肤色，暗部有层次。现代夜间调色：中性偏冷，暗部深蓝、绝不偏青，高光月光银；细腻 35mm 颗粒，2.39:1，无任何文字。","readable phone screen, visible names, phone or thermos logo or brand, ring on his hand, young man, upright posture, badge with text or real insignia, moonlight through the east windows, blue streak flares, cyan grade, the restorer in frame, tears, phone glow lit from frame 0"
"S060","03:08:05","03:10:23","2.750","却懂你颤抖的双肩／若天上的回答","CHAR_GUARD PROP_PHONE LOC_WINDOW","Close-up over his right shoulder, high angle, 100mm anamorphic, slow push past the shoulder to his hands; 24 fps; a museum window bay at night. The broad, thick-knuckled, age-spotted right hand of GUARD - a ~65-year-old East Asian night attendant in a navy jacket, no ring - holds an old unbranded dark-grey smartphone in a worn navy faux-leather flip case with a cracked corner; the screen glows cool 6500K, its content soft, out of focus and unreadable. At 0.5 s his thumb moves over the call button and stops, hovering a few millimetres above the glass without touching, trembling very slightly. At 1.8 s the thumb slowly draws back. At 2.4 s he turns the phone and lays it face down on his right thigh; the cool light goes out, leaving only a warm 2700K corner reading lamp and tiny harbour lights in the dark window. At 2.55 s his reading glasses drop onto their black cord and swing into the top edge of frame. Natural skin with age spots and creases; no logos, no names. Modern night grade: neutral-cool, deep-blue shadows never cyan, moon-silver highlights; fine 35mm grain, 2.39:1, no text.","近景，越过他的右肩，俯拍，100mm 变形镜头，缓慢推过肩头到他的手；24 fps；夜里博物馆的窗湾。夜班工作人员——约 65 岁东亚男性，藏青夹克，无戒指——宽厚、指节粗、带老年斑的右手，握着一部没有品牌标识的旧款深灰智能手机，装在磨旧的藏青仿皮翻盖套里，套角开裂；屏幕发出 6500K 的冷光，内容柔虚、出焦、不可读。0.5 秒，他的拇指移到拨号键上方，停住，悬在玻璃上方几毫米、没有落下，微微发颤。1.8 秒，拇指慢慢收回。2.4 秒，他把手机翻过来，扣在右大腿上；冷光熄灭，只剩角落一盏 2700K 阅读灯的暖光和暗窗里细小的港口灯点。2.55 秒，他摘下的老花镜落回黑色挂绳上，晃进画面上缘。保留老年斑与皱纹的自然皮肤；无标志、无名字。现代夜间调色：中性偏冷，暗部深蓝、绝不偏青，高光月光银；细腻 35mm 颗粒，2.39:1，无任何文字。","readable screen, legible name or number, call-interface text, brand logo, thumb pressing the screen, ring, smartwatch, young smooth hands, crisp UI graphics, dazzling bright screen, cyan grade, phone still glowing after it is face down, left hand holding the phone"
"S061","03:10:23","03:15:00","4.042","还在风里辗转／愿我伸出的手","CHAR_RESTORER CHAR_GUARD PROP_GLOVES PROP_PHONE PROP_COAT PROP_GLASSPANEL LOC_WINDOW LOC_CORRIDOR","Close-up, 100mm anamorphic, locked, eye level, a moonlit museum corridor at 04:00, 24 fps. Screen-right: a frameless vitrine holding a leaded stained-glass panel of abstract layered petals in softened ruby, amber, cobalt, sea-green and pale rose, faintly backlit; in its small clear diamond quarry at (0.70,0.45) floats the half-seen reflection of RESTORER (~28-year-old East Asian conservator, soft oval face, tiny mole below her LEFT eye, loose low ponytail with strands at the right temple, charcoal wool coat buttoned at the middle), close enough to read her unease. Screen-left, past the vitrine's edge, the corridor recedes to a glazed timber screen; beyond it, soft, the stooped back of GUARD (~65, salt-and-pepper hair, navy attendant jacket) alone on a window bench under one warm 2700K lamp, his phone light already out. At 0.9 s her reflected eyes lift; 1.2-1.9 s focus racks to his distant back and holds. From 1.7 s her warm-white-gloved hands rise into the soft lower-left foreground; 2.1-2.6 s focus finds them: she pinches off the right glove, then the left at 2.9 s, revealing a small healed scar on the outer side of her right index finger, folds both by 3.6 s and grips them at 4.0 s. Moonlight from behind right. Modern night grade: neutral-cool, deep-blue shadows never cyan, moon-silver highlights; fine 35mm grain, 2.39:1, no text.","近景，100mm 变形宽银幕镜头，锁定，平视，凌晨四点月光下的博物馆长廊，24 fps。画右：一只无框展柜里立着一块铅条彩窗残片，非具象的层叠花瓣色块——柔化的绛红、琥珀、钴蓝、海青与浅玫，背后极暗的灯箱让它微微发光；左下方那块透明菱形小玻璃位于 (0.70,0.45)，里面若隐若现地映着修复师（约 28 岁东亚女性文物修复师，鹅蛋脸，左眼外眼角下一颗极小的浅褐色痣，松松的低马尾、右侧太阳穴落下几缕碎发，深灰呢外套扣着中间一粒扣子）的脸，近到看得清她的不安。画左，越过展柜边缘，长廊向东退到一道木框玻璃隔断；隔断后的窗湾里，焦外是夜班工作人员（约 65 岁，花白短发，藏青值守夹克）微驼的背影，独自坐在窗凳上，一盏 2700K 阅读灯，手机的冷光已经熄灭。0.9 秒，倒影里她抬起眼；1.2–1.9 秒焦点转到远处他的背影并停住。1.7 秒起，她戴白手套的双手升入画左下前景（焦外）；2.1–2.6 秒焦点回到手上：她捏住右手手套指尖抽下，2.9 秒再摘左手——右手食指外侧一道细小的旧疤第一次露出来——3.6 秒两只叠好，4.0 秒攥在手心。月光从右后方来。现代夜间调色：中性偏冷，暗部深蓝、绝不偏青，高光月光银；细腻 35mm 颗粒，2.39:1，无任何文字。","gloves still on after 3.7 s, bare hands before 1.7 s, scar on the left hand or on the wrong finger, ring, watch, nail polish, glowing phone screen, the guard's face visible, the guard turning round, figurative saints, faces or symbols in the stained glass, the mother or any other era inside the panel, focus passing through the opaque lightboxed panel, her reflection sharper or brighter than the panel colour, ghost double image, readable labels, neon colours, jerky rack focus, camera movement, tears"
"S062","03:15:00","03:17:10","2.417","愿我伸出的手","CHAR_RESTORER CHAR_GUARD PROP_GLOVES PROP_TEA PROP_PHONE PROP_COAT PROP_FLASHLIGHT LOC_WINDOW","Medium shot, 50mm anamorphic, eye level, inside a three-sided museum bay window at night, 24 fps; a slow dolly track left to right follows her last two steps, easing to rest by 2.0 s. Screen-right: GUARD (~65-year-old East Asian night attendant, square-round face, pale-brown age spot on his RIGHT cheekbone, short salt-and-pepper hair, stooped back, navy attendant jacket with a small text-free ring-and-waves badge, reading glasses hanging on a black cord) sits on the teak window bench nearest the window, his phone face-down on his right thigh, his old dented dull-steel thermos with a scuffed navy cup-lid by his right hip. From screen-left, through glazed doors, comes RESTORER (~28-year-old East Asian conservator, soft oval face, mole below her LEFT eye, loose low ponytail, charcoal wool coat buttoned at the middle, a small worn spot on the LEFT cuff's outer little-finger side), bare-handed, carrying two handle-less pale bluish-white cups, each ringed by one thin cobalt line under the rim, her folded warm-white gloves pinned under her left thumb. At 0.57 s her right hand reaches out; at 2.15 s she sets his chipped cup on the deep sill beside him. Steam rises, backlit by the 2700K corner lamp against the dark frame; harbour lights outside. Modern night grade: neutral-cool, deep-blue shadows never cyan, moon-silver highlights; fine 35mm grain, 2.39:1, no text.","中景，50mm 变形宽银幕镜头，平视，夜里博物馆的三面窗湾，24 fps；一段缓慢稳定的轨道横移由画左向画右，跟着她最后两步，2.0 秒时缓停。画右：夜班工作人员（约 65 岁东亚男性，脸型方中带圆，右颧骨一块浅褐色老年斑，花白短发，背微驼，藏青值守夹克左胸一枚无文字的圆环水波纹小徽章，老花镜挂在黑色挂绳上）坐在柚木窗凳靠窗的一端，旧手机屏幕朝下扣在右大腿上，右胯旁是那只磕瘪的旧哑光不锈钢保温壶（磨旧的藏青壶盖杯）。修复师（约 28 岁东亚女性文物修复师，鹅蛋脸，左眼下小痣，松松的低马尾，深灰呢外套扣着中间一粒扣子，左袖口外侧小指一侧一块小磨损）从画左的玻璃门进来，没戴手套，双手各端一只无柄青白釉茶杯，杯口下各一道细细的钴蓝线，叠好的白手套压在左手拇指下。0.57 秒她的右手伸出去；2.15 秒把他那只带磕口的杯子轻轻放在他身旁深深的窗台上。热气升起，被窗湾角落一盏 2700K 阅读灯逆光照亮，衬着暗色的窗框；窗外是港口的灯。现代夜间调色：中性偏冷，暗部深蓝、绝不偏青，高光月光银；细腻 35mm 颗粒，2.39:1，无任何文字。","gloves on her hands, steam lit against bright sky, cups with handles, patterned or branded cups, the chip on her cup, the guard standing up or looking at camera, spilled tea, floating cups, her entering from screen-right, the guard on screen-left, reading glasses on his nose, lit phone screen, readable text, talking, shaky camera, hurried walk"
"S063","03:17:10","03:20:16","3.250","愿我伸出的手／先抵达你的孤单","CHAR_RESTORER CHAR_GUARD PROP_GLOVES PROP_TEA PROP_PHONE PROP_COAT PROP_FLASHLIGHT LOC_WINDOW","Medium two-shot, 50mm anamorphic, locked, eye level, a museum bay window at night, 24 fps; the same set-up as the shot before. Screen-right, nearest the window: GUARD (~65-year-old East Asian night attendant, square-round face, gentle down-turned eyes, age spot on his RIGHT cheekbone, salt-and-pepper hair, stooped back, navy attendant jacket with a small text-free badge, reading glasses on a black cord). Beside him: RESTORER (~28-year-old East Asian conservator, mole below her LEFT eye, loose low ponytail with strands at the right temple, charcoal wool coat with a small worn spot on the LEFT cuff's outer edge, bare hands). In one unhurried movement she sets her cup on the sill six centimetres to the left of his chipped one, lays her folded warm-white gloves on the bench's left corner and sits down beside him, about 40 cm away, settled at 0.8 s as the band enters. At 1.9 s she undoes the middle horn button of her coat. At 2.1 s he glances at the tea. At 2.73 s both their shoulders drop together. No words. Steam from both cups climbs between them, backlit by a 2700K corner lamp against the dark window frame; harbour lights beyond. Modern night grade: neutral-cool, deep-blue shadows never cyan, moon-silver highlights; fine 35mm grain, 2.39:1, no text.","中景双人，50mm 变形宽银幕镜头，锁定，平视，夜里博物馆的窗湾，24 fps；与上一镜同一机位。画右靠窗：夜班工作人员（约 65 岁东亚男性，脸型方中带圆，眼角下垂、目光温和，右颧骨老年斑，花白短发，背微驼，藏青值守夹克与无文字小徽章，老花镜挂在黑色挂绳上）。他身旁：修复师（约 28 岁东亚女性文物修复师，左眼下小痣，松松的低马尾、右侧太阳穴几缕碎发，深灰呢外套，左袖口外侧一块小磨损，裸手）。她不慌不忙地一气呵成：把自己的杯子放在他那只带磕口的杯子左边约六厘米的窗台上，把叠好的白手套搁在长凳画左的角上，在他身旁坐下，相距约 40 厘米，在 0.8 秒全乐队进入时坐定。1.9 秒她解开外套中间那粒牛角扣。2.1 秒他看了一眼那杯茶。2.73 秒两人的肩膀同时落下来。没有一句话。两只杯子的热气在他们之间缓缓升起，被角落一盏 2700K 阅读灯逆光照亮，衬着暗色窗框；窗外是港口的灯。现代夜间调色：中性偏冷，暗部深蓝、绝不偏青，高光月光银；细腻 35mm 颗粒，2.39:1，无任何文字。","talking, broad smiles, touching each other, eye contact before 2.1 s, the guard on screen-left, gloves on her hands, gloves dropped on the floor, coat still buttoned after 2.0 s, cups touching, cups far apart, steam against bright sky, any glass pane between them, glasses on his nose, slow motion, camera move, melodrama, tears"
"S064","03:20:16","03:22:17","2.042","先抵达你的孤单","CHAR_RESTORER CHAR_GUARD PROP_TEA PROP_COAT LOC_WINDOW","Insert, 100mm anamorphic, locked, slightly high angle over a deep white-painted window sill at night, 24 fps; behind, the dark timber window frame and black glass with soft harbour light points. Screen-right: the broad, age-spotted, ringless hands of GUARD (~65-year-old East Asian night attendant; navy jacket cuffs, pale grey-blue shirt cuff) close around a handle-less pale bluish-white porcelain cup ringed by one thin complete cobalt line 6 mm below the rim, a tiny chip at 2 o'clock, and lift it slowly from the sill toward his lap. Screen-left at (0.42,0.62): the bare left hand of RESTORER (~28-year-old East Asian conservator, long slim fingers, short unpolished nails) rests on the sill beside her own identical new cup; the LEFT cuff of her charcoal wool melton coat is turned so its small rubbed, pilled, lighter-grey worn spot, 18x8 mm on the outer little-finger side about 1 cm above the edge, sits in crisp focus by 0.9 s. Jasmine tea, golden #C9A55A, one unfurled leaf. Steam rises from both cups, backlit by a 2700K reading lamp against the dark frame, and climbs past the top of frame by 1.6 s. Quiet and warm. Modern night grade: neutral-cool, deep-blue shadows never cyan, moon-silver highlights; fine 35mm grain, 2.39:1, no text.","插入镜头，100mm 变形宽银幕镜头，锁定，略俯，夜里一面深深的白漆窗台，24 fps；背景是暗色木窗框与黑色玻璃，港口灯点虚焦。画右：夜班工作人员（约 65 岁东亚男性；藏青夹克袖口、浅灰蓝衬衫袖口）宽厚、布满老年斑、没有戒指的双手，慢慢合拢在一只无柄青白釉瓷杯上——杯口下 6 毫米一道完整的钴蓝细线，口沿 2 点钟位置一个小磕口——把它从窗台上捧起，移向膝头。画左 (0.42,0.62)：修复师（约 28 岁东亚女性文物修复师，手指修长，指甲短、无甲油）没戴手套的左手轻轻搭在窗台上，旁边是她那只同款新杯；深灰羊毛呢外套的左袖口转向镜头，外侧小指一侧、距袖口边约 1 厘米处那块 18×8 毫米的小磨损——呢面起毛、颜色变浅、略有光泽——0.9 秒时清晰落在焦点里。茉莉花茶汤色金黄 #C9A55A，漂着一片舒展的茶叶。两只杯子的热气被 2700K 阅读灯逆光照亮、衬着暗窗框缓缓升起，1.6 秒时升过画面上缘。安静而温暖。现代夜间调色：中性偏冷，暗部深蓝、绝不偏青，高光月光银；细腻 35mm 颗粒，2.39:1，无任何文字。","wear spot on the right cuff or in the wrong place, gloves, ring, wedding band, watch, phone, faces, cups with handles, logos or text on the cups, a chip on her cup, spilled tea, steam against bright sky, cobalt pattern other than one plain line, plastic look, oversharpening, extra or fused fingers, camera movement"
"S065","03:22:17","03:24:16","1.958","先抵达你的孤单／千年啊","CHAR_RESTORER CHAR_GUARD PROP_TEA PROP_COAT LOC_WINDOW","Close two-shot, 75mm anamorphic, locked, eye level, inside a museum bay window at night, 24 fps; nothing stands between them - no window, no glass, no reflection. Screen-right, eyes at (0.64,0.42): GUARD (~65-year-old East Asian night attendant, square-round face, three forehead lines, gentle down-turned eyes, pale-brown age spot on his RIGHT cheekbone, short salt-and-pepper hair thinning at the crown, stooped, navy attendant jacket, reading glasses hanging on a black cord), a chipped porcelain cup held in his lap. Screen-left, eyes at (0.36,0.44): RESTORER (~28-year-old East Asian conservator, soft oval face, tiny mole below the outer corner of her LEFT eye, natural brows, no make-up, loose low ponytail with strands at the right temple, charcoal wool coat now unbuttoned). At 0.19 s he lifts his eyes from the cup and looks at her; at 0.79 s she gives one small nod at real speed; at 1.19 s they both breathe out together, shoulders easing; then stillness to the end. Warm 2700K reading-lamp side light from screen-right, about 4:1 on the faces; harbour lights as soft bokeh behind. Real skin with pores and tired eyes. Modern night grade: neutral-cool, deep-blue shadows never cyan, moon-silver highlights; fine 35mm grain, 2.39:1, no text.","近景双人，75mm 变形宽银幕镜头，锁定，平视，夜里博物馆的窗湾，24 fps；两人之间什么都没有——没有窗、没有玻璃、没有倒影。画右，眼睛在 (0.64,0.42)：夜班工作人员（约 65 岁东亚男性，脸型方中带圆，额头三道横纹，眼角下垂、目光温和，右颧骨一块浅褐色老年斑，花白短发、头顶略稀，背微驼，藏青值守夹克，老花镜挂在黑色挂绳上），膝上捧着那只带磕口的瓷杯。画左，眼睛在 (0.36,0.44)：修复师（约 28 岁东亚女性文物修复师，鹅蛋脸，左眼外眼角下一颗极小的痣，自然平直的眉，素颜，松松的低马尾、右侧太阳穴几缕碎发，深灰呢外套此刻已解开）。0.19 秒他从茶杯上抬起眼，看向她；0.79 秒她以真实速度轻轻点一下头；1.19 秒两人同时呼出一口气，肩膀松下来；之后静止到镜头结束。2700K 阅读灯从画右侧面暖暖地照来，脸上光比约 4:1；身后港口灯化成柔和的光斑。真实的皮肤，有毛孔，有熬夜的眼睛。现代夜间调色：中性偏冷，暗部深蓝、绝不偏青，高光月光银；细腻 35mm 颗粒，2.39:1，无任何文字。","glass or window pane between them, reflections, eyeglasses on his face, broad smile, laughter, talking, tears, hugging, touching, slow-motion nod, exaggerated nod, beauty filter, smoothed skin, her coat buttoned, gloves, camera movement, unmotivated rim light"
"S066","03:24:16","03:33:05","8.542","不过无数个今晚／有人等一场雨／有人等沉默被听见／有人要把山河／握在掌间／有人只想再见","CHAR_RESTORER CHAR_GUARD CHAR_NAVIGATOR CHAR_WIFE CHAR_MIGRANT CHAR_MOTHER PROP_BOWL PROP_CASE PROP_LAMP PROP_CANDLE PROP_SHIPLAMP PROP_TEA PROP_COAT PROP_OUTERCOAT PROP_GLASSPANEL LOC_DECK LOC_HOME LOC_PIER LOC_CHAPEL LOC_WINDOW LOC_CORRIDOR","Wide shot, 40mm anamorphic, lens 1.45 m on the centre line of a long moonlit corridor, motion-control dolly pushing east at ~1.4 m/s, stopping at 8.1 s, 24 fps. Moonlight from behind right lays arched pools on the floor every 4 m. Dark frameless vitrines alternate left and right, each holding another era's night in its own depth: left, a swinging horn stern lantern over a deep-blue swell, a sail edge, the tiny NAVIGATOR (indigo head-cloth, brown padded night coat) at the rail; right at 2.1 s, a granite home - candle stub, empty bench, lattice shadow - and through its open door rain at last falling into a blue-and-white bowl as WIFE (low bun, pale-blue jacket, silver bangle on her LEFT wrist, face unresolved) holds her palm out under the eaves; left at 3.9 s, MIGRANT (~20, long braid, faded floral blouse) on her rattan case under warm bulbs; right at 5.7 s, MOTHER's back (~45, dove-grey qipao, low chignon) trembling in fading stained-glass colour. Small wall vitrines hold only blurred glows. Ahead, through clear glass, the real present: GUARD's stooped navy back at right, RESTORER's low ponytail and charcoal coat at left, two cups steaming. Corridor in the modern night grade, never cyan; each pane keeps its own era grade; fine 35mm grain, 2.39:1, no text.","全景，40mm 变形宽银幕镜头，镜头高 1.45 米，位于一条长长的月光长廊中轴线上，运动控制轨道车以约每秒 1.4 米向东推进，8.1 秒时停住，24 fps。月光从右后方射入，每隔 4 米在地板上铺下一个拱形光斑。暗色的无框展柜左右交替，每一面都在自己的纵深里映着另一个时代的夜：左侧，一盏角片艉灯在深蓝长涌浪上摇晃，帆的一角，船舷边小小的航海人（靛蓝头巾，棕色夹棉守夜外衣）；右侧（2.1 秒），一间花岗岩旧屋——残烛、空着的长凳、窗格影——敞开的门外，雨终于落下，落进一只青花碗里，等待的人（低髻，浅蓝短袄，左腕素银细镯，脸始终看不清）把手心伸到檐外；左侧（3.9 秒），迁徙女性（约 20 岁，长辫，褪色碎花衫）坐在藤箱上，头顶是暖色灯泡；右侧（5.7 秒），母亲（约 45 岁，浅鸽灰旗袍，低髻）的背影在渐褪的彩窗余光里轻轻颤抖。墙上的小壁柜里只有虚焦的光斑。尽头，透过清玻璃，是真实的当下：画右是夜班工作人员微驼的藏青背影，画左是修复师的低马尾与深灰外套，两杯茶冒着热气。长廊为现代夜间调色，绝不偏青；每面玻璃保留各自时代的调色；细腻 35mm 颗粒，2.39:1，无任何文字。","ghost figures standing in the corridor, translucent people outside the glass, eras bleeding across panes, all panes one colour, the wife's face sharp, the mother's face shown, minor vitrine glows resolving into pictures, readable labels or signage, ceiling lights on, fog or haze in the air, moon disc in frame, morphing between panes, flicker, camera shake, speed changes mid-move, the two at the end facing camera, him on screen-left"
"S067","03:33:05","03:35:16","2.458","有人只想再见／某个人一面","CHAR_NAVIGATOR CHAR_COMPANION PROP_PATCH PROP_SHIPLAMP PROP_OUTERCOAT LOC_DECK","Medium shot, 50mm anamorphic, gentle breathing handheld, slightly high angle, the night deck of a 17th-century ocean-going junk beside a rope coil, 24 fps delivery, the coat's fall at 48 fps (50% slow motion), then real time. Deep-blue sea, silver moonlight from upper right, one hexagonal horn-paned stern lantern glowing 1950K at (0.38,0.36). Screen-right: COMPANION (~17-year-old East Asian sailor, thin boyish face, no beard, lips pale with cold, peeling sunburn on the cheekbones, small topknot tied with a frayed cloth band, torn undyed hemp shirt, barefoot) curled asleep against the coil, head toward screen-right, shivering. Screen-left: NAVIGATOR (~35-year-old East Asian compass-keeper, long face, high cheekbones, deep-set eyes, short neat beard, pale scar at the tail of his LEFT eyebrow, indigo head-cloth over a topknot, salt-crusted hands) shakes open his brown padded cotton coat at 0.4 s; it spreads in the wind and falls left to right over the boy, settling at 1.04 s on the music's surge. Now in only his faded indigo short jacket, he watches; at 1.7 s the boy pulls the collar to his chin, still asleep; at 2.1 s the navigator's left fingers slip inside his own RIGHT cuff and rest on a pale-blue cloth patch. Navigator-era grade: strongest warm-cool split, deep-blue sea and sky against amber lamplight, greens muted; fine 35mm grain, 2.39:1, no text.","中景，50mm 变形宽银幕镜头，带呼吸感的轻微手持，略俯，17 世纪远洋帆船的夜甲板，缆绳卷旁；以 24 fps 交付，外衣落下以 48 fps 拍成 50% 慢动作，随后回到真实速度。深蓝的海，银色月光从画右上方来，一盏六角角片艉灯以 1950K 亮在 (0.38,0.36)。画右：年轻同伴（约 17 岁东亚少年水手，脸窄而稚气，没有胡须，嘴唇冻得发白，颧骨上晒脱皮，小发髻用一条磨毛的布带扎着，一件磨破的本色麻布短衫，赤足）蜷在缆绳卷旁睡着，头朝画右，冻得发抖。画左：航海人（约 35 岁东亚火长，长脸、颧骨突出、眼窝略深，短而整齐的胡须，左眉尾一道浅白旧疤，靛蓝头巾裹着发髻，手上结着海盐）在 0.4 秒抖开自己那件棕色夹棉外衣；衣料在风里展开，由画左向画右落到少年身上，在 1.04 秒音乐涌起时落定。此刻他身上只剩那件褪色的靛蓝短褂，站着看；1.7 秒少年在睡梦里把衣领拉到下巴，没醒；2.1 秒航海人的左手手指探进自己的右袖口，停在一块浅蓝布补丁上。航海时代调色：全片最强的冷暖对比，深蓝的海与天对琥珀色灯光，绿色压低；细腻 35mm 颗粒，2.39:1，无任何文字。","the navigator taking off his indigo jacket, patch on the left cuff or outside the cuff, coat falling right to left, the boy waking or looking at camera, Qing queue hairstyle, modern fabric, zips, wristwatch, documentary shake, slow motion on faces, blue streak flare, fog machine haze, lantern on the wrong side, readable text, extra fingers"
"S068","03:35:16","03:37:17","2.042","某个人一面／千年啊／不过无数个今晚","CHAR_MIGRANT CHAR_TRAVELLER PROP_CASE PROP_SWEETS LOC_PIER","Medium shot, 50mm anamorphic, locked, eye level, a 1920s-30s pier waiting shed at night after rain, under one enamel-shaded 2400K bulb's pool of light, wet planks reflecting it, 24 fps. On a long bench, screen-left: MIGRANT (~20-year-old East Asian woman, round-square face, full cheeks, large bright wide-set eyes, straight thick brows, small mole above her RIGHT brow peak, slightly chapped lips, one long braid, faded grey-blue cotton blouse with small white and faded-rose five-petal flowers and cloth knot buttons), her rattan case at her feet, an opened square of translucent honey oil paper with a loosened thin red string in her lap, glowing in the bulb light. Screen-right: TRAVELLER (~14-year-old East Asian boy, thin, prominent ears, darting eyes, close-cropped hair, old cloth cap, oversized grey-brown adult jacket with sleeves rolled twice) hugging a cloth bundle, a ticket crushed in his fist. The shot opens mid-gesture: her right hand carries a piece of peanut-sesame brittle left to right and at 0.27 s sets it in his open palm. He hesitates, then closes his fingers. At 0.93 s she smiles at him, her right canine just showing; at 1.53 s half his face slowly loosens into an unfinished smile. Living skin. Migrant-era grade: faded-photograph softness, saturation -15%, creamy highlights, never sepia; fine 35mm grain, 2.39:1, no text.","中景，50mm 变形宽银幕镜头，锁定，平视，雨后夜里的 1920–30 年代码头候船棚，一盏搪瓷灯罩 2400K 白炽灯投下一池光，湿木板映着它，24 fps。一条长凳上，画左：迁徙女性（约 20 岁东亚女子，圆中带方的脸，颊肉饱满，大而亮、两眼距离略宽的眼睛，直而浓的眉，右眉峰上方一颗小痣，嘴唇略干微裂，一条长辫，褪色灰蓝碎花棉布大襟衫——白色与褪玫色的五瓣小花、布盘扣），藤箱放在脚边，膝上摊开一方半透明蜂蜜色的油纸，细红棉绳已经解松，在灯泡下透着暖光。画右：紧张的旅客（约 14 岁东亚少年，瘦，耳朵显大，眼睛不停地四处看，头发剃短，旧布帽，明显过大的灰褐色大人外套，袖子挽了两道），怀里紧抱布包袱，手里攥着皱巴巴的船票。镜头在动作中段切入：她的右手捏着一块花生芝麻酥由画左递向画右，0.27 秒放进他摊开的掌心。他犹豫了一下，合拢手指。0.93 秒她冲他笑了一下，右边那颗虎牙微露；1.53 秒他半边脸慢慢松开，成了一个没笑完的笑。皮肤是活的。迁徙时代调色：褪色家庭照片般的柔和，饱和度 −15%，高光微奶油，绝不做棕褐；细腻 35mm 颗粒，2.39:1，无任何文字。","sepia, yellow wash, the boy grinning fully, the sweet travelling right to left, the boy on screen-left, readable ticket, readable signs, crying, beggar imagery, dirt caricature, modern clothing, plastic wrapper, slow motion, camera movement, red lanterns"
"S069","03:37:17","03:39:17","2.000","不过无数个今晚","CHAR_MOTHER CHAR_LONELY PROP_AIRLETTER LOC_CHAPEL","Medium shot, 50mm anamorphic, locked with an almost imperceptible push, eye level, the nave of a quiet 1950s tropical-port chapel just after sunset at blue hour, 24 fps. Cold blue skylight (#2E4A6E) through tall windows of now-dark abstract stained glass; a few side-table candles as warm 1850K points far behind. Screen-right, at the end of a teak pew: LONELY (~75-year-old man, thin, deep sun-darkened skin, sparse white hair, deeply lined face, eyes half closed, thin much-washed white cotton shirt, grey trousers, an old cloth cap on his knees under folded age-spotted hands). The shot opens mid-movement: MOTHER (~45-year-old East Asian woman, oval face, fairly high cheekbones, grey strands at the temples, low chignon held by black pins, pale dove-grey short-sleeved qipao, old pale-green jade bangle on her LEFT wrist, a folded pale-blue airmail letter in her hands) takes the last step in from screen-left along the pew and at 0.81 s lowers herself to sit beside him. She says nothing. He does not turn; at 1.1 s his hands loosen a little on the cap. Both look ahead. The frame rests on their two sleeves side by side at (0.42,0.62). Respectful and still. Chapel grade at blue hour: the stained-glass colour gone, cool blue with warm candle points, never neon; fine 35mm grain, 2.39:1, no text, no religious images.","中景，50mm 变形宽银幕镜头，锁定并几乎察觉不到地推进，平视，1950 年代热带港口一座安静的礼拜堂中殿，日落之后的蓝调时刻，24 fps。冷蓝的天光（#2E4A6E）从已经暗下来的高大非具象彩窗透进来；远处侧桌上几支蜡烛是 1850K 的暖点。画右，柚木长椅的一端：另一位孤单者（约 75 岁的老人，瘦削，深色日晒肤色，白发稀疏，脸上深深的纹路，眼睛半闭，洗得很薄的白棉衬衫，灰色长裤，一顶旧布帽放在膝上，布满老年斑的双手交叠压在帽子上）。镜头在动作中切入：祈祷的母亲（约 45 岁东亚女性，椭圆脸、颧骨较高，太阳穴处几缕白发，低髻以黑发夹固定，浅鸽灰短袖旗袍，左腕一只旧的浅绿玉镯，手里握着折好的浅蓝航空信）从画左沿着长椅迈出最后一步，0.81 秒在他身旁坐下。她什么也没说。他没有转头；1.1 秒，交叠在帽子上的双手松开了一点。两人都望着前方。画面停在两只并排的衣袖上，位于 (0.42,0.62)。恭敬而安静。蓝调时刻的礼拜堂调色：彩窗的颜色已褪，冷蓝里几点暖色烛光，绝不霓虹；细腻 35mm 颗粒，2.39:1，无任何文字，无任何宗教图像。","sign of the cross, praying hand gestures, religious icons or figures in focus, figurative stained glass, him turning or talking, her talking, tears, embrace, sunset colour still on the floor, jerky or rushed sitting, slow motion, exotic caricature, readable hymn boards, text"
"S070","03:39:17","03:43:09","3.667","等我们也成了／被轻轻翻过的一段","PROP_COAT LOC_GALLERY","Insert opening as a macro, 100mm, then a slow motion-control pull-back at eye level, a museum gallery in an unspecified future, 24 fps; lowest contrast, slightly high-key, silver-white light with a trace of warmth, no sci-fi teal. Frame 0: the LEFT cuff of a charcoal wool melton coat - the RESTORER's own coat from tonight, now aged: wool faded to brownish grey #5B5853, flatter and fuzzier, dark horn buttons dulled - its small 18x8 mm rubbed, pilled worn spot on the outer little-finger side about 1 cm above the edge, brighter but identical in shape and position, at (0.42,0.62). From 1.7 s the camera draws back: the coat lies folded on a padded board covered in undyed linen, tilted 12 degrees, left cuff on top facing the glass, inside the same frameless 60x60x50 cm low-iron glass cover on the same dark wooden plinth where a brass compass once stood - the compass is gone; a small blank label card with no text. By 2.7 s the whole vitrine sits centred and square to camera. Soft diffuse overhead light, gentle shadow detail, almost no halation. Future grade: lowest contrast, slightly high-key silver-white with a trace of warmth, no sci-fi teal; very fine grain, 2.39:1, no text.","插入镜头，以 100mm 微距开场，随后以运动控制缓慢后拉，平视，一个不确定的未来里的博物馆展厅，24 fps；反差最低、略高调，银白色光里带一丝暖，不用科幻青色。第 0 帧：一件深灰羊毛呢外套的左袖口——就是修复师今晚穿的那件，如今已经老了：呢料褪成偏褐的灰 #5B5853，更瘪、起毛更多，深色牛角扣失去光泽——外侧小指一侧、距袖口边约 1 厘米处那块 18×8 毫米的磨损，更亮了，形状与位置却完全一致，位于 (0.42,0.62)。1.7 秒起摄影机后拉：外套叠好平放在一块包着本色亚麻布、倾斜 12° 的软垫展板上，左袖口在最上面、朝向玻璃，罩在同一只 60×60×50 厘米的无框低铁超白玻璃罩里、同一座深色木展台上——那里曾放着一枚黄铜罗盘，如今罗盘不在了；旁边一张空白的小展签，没有任何文字。2.7 秒时整只展柜居中、正对镜头。柔和的顶部漫射光，暗部层次轻柔，几乎没有光晕。未来调色：反差最低、略高调，银白里带一丝暖，不用科幻青色；极细颗粒，2.39:1，无任何文字。","compass in the vitrine, readable label, text, holograms, screens, devices, sci-fi teal, chrome, futuristic architecture, people, reflections of people, wear on the right cuff, a fresh new-looking coat, coat on a mannequin or hanger, high contrast, crushed blacks, yellow wash, lens flare, morphing fabric"
"S071","03:43:09","03:46:07","2.917","被轻轻翻过的一段／愿你隔着岁月／仍听得见","CHAR_FUTURE PROP_COAT LOC_GALLERY","Extreme close-up, 100mm macro, locked on the exact camera of the film's opening - lens 1.18 m high, axis square to the south glass face of a frameless museum vitrine, focus plane on the glass surface - in a gallery of an unspecified future, 24 fps; soft high-key silver-white light with a trace of warmth, very low contrast, very fine grain. The thin clean glass fills the frame; beyond it, soft, a folded brownish-grey wool coat on undyed linen. At 0.13 s a faint reflection forms in the glass: FUTURE, a stranger of no clear age or gender in a seamless pale warm-grey high-collared knit garment, short soft dark hair, face always defocused and attenuated, never resolved. At 0.79 s their right hand rises toward the glass, palm facing it, fingers relaxed; in the reflection we see the palm, thumb at frame left. At 2.29 s it stops at (0.50,0.55), hand width about 45% of frame height, exactly where two hands met in the opening - a finger-width from the glass, not touching. It stays. It is only a reflection: no real hand on the camera side. Quiet, curious, tender. Future grade: lowest contrast, slightly high-key silver-white with a trace of warmth, no sci-fi teal; very fine grain, 2.39:1, no text.","大特写，100mm 微距，锁定在全片开场完全相同的机位上——镜头高 1.18 米，光轴垂直于一只无框博物馆展柜的南侧玻璃面，焦平面在玻璃表面——一个不确定的未来里的展厅，24 fps；柔和的高调银白光带一丝暖，反差极低，颗粒极细。薄而干净的玻璃占满画面；玻璃后虚焦的是一件叠好的偏褐灰色呢外套，放在本色亚麻布上。0.13 秒，玻璃里浮现一层淡淡的倒影：未来观看者，一个看不出年龄与性别的陌生人，穿浅暖灰色无缝高领针织长衣，短而柔软的深色头发，脸始终处于焦外并被反射衰减，永远看不清。0.79 秒，他/她的右手朝玻璃抬起，掌心朝向玻璃，手指放松；在倒影里我们看到的是掌心，拇指在画左。2.29 秒，手停在 (0.50,0.55)，手宽约占画面高 45%——正是开场两只手重合的位置——离玻璃一指宽，没有碰上。手停在那里。这只是倒影：玻璃靠镜头的一侧没有真实的手。安静、好奇、温柔。未来调色：反差最低、略高调，银白里带一丝暖，不用科幻青色；极细颗粒，2.39:1，无任何文字。","sharp or identifiable face, a real hand in front of the glass, hand touching the glass, devices, wristwatch, ring, sci-fi suit, LEDs, holograms, the compass, the restorer's hand, a second hand, text, readable label, non-mirrored reflection, glow, ghost body standing in the room, reflection stronger than ~40%, teal cast"
"S072","03:46:07","03:49:01","2.750","仍听得见／我也曾像你／舍不得这人间","CHAR_RESTORER CHAR_GUARD PROP_TEA PROP_PHONE PROP_COAT LOC_WINDOW","Medium close-up, 75mm anamorphic, locked with a very slight push, eye level a little to his left, the museum bay window just before dawn, about 05:40, 24 fps. Screen-right in focus: GUARD (~65-year-old East Asian night attendant, square-round face, three forehead lines, gentle down-turned eyes, pale-brown age spot on his RIGHT cheekbone, short salt-and-pepper hair, stooped, navy attendant jacket with a small text-free badge, reading glasses on a black cord). At 0.03 s he lifts an old unbranded phone in a worn navy flip case from his right thigh, draws one breath, presses to dial at 0.69 s - the screen angled away and never readable - and at 1.17 s holds it to his right ear. Screen-left, out of focus: RESTORER (~28-year-old East Asian conservator, loose low ponytail, charcoal wool coat open), quietly looking out of the window. Their two cups sit on the sill; the tea has gone cool, no steam. Key: the 2700K reading lamp from screen-right; a brief cold phone glow on his chin and fingers; the window sky only beginning to pale from deep blue #1A2D4A. Modern night grade easing toward dawn: neutral-cool, deep-blue shadows never cyan, the window just paling; fine 35mm grain, 2.39:1, no text.","中近景，75mm 变形宽银幕镜头，锁定并极轻微推进，平视、略偏他的左侧，博物馆窗湾，黎明前约 05:40，24 fps。画右在焦内：夜班工作人员（约 65 岁东亚男性，脸型方中带圆，额头三道横纹，眼角下垂、目光温和，右颧骨一块浅褐色老年斑，花白短发，背微驼，藏青值守夹克与无文字小徽章，老花镜挂在黑色挂绳上）。0.03 秒，他从右大腿上拿起那部装在磨旧藏青翻盖套里的无品牌旧手机，吸一口气，0.69 秒按下拨号——屏幕侧向别处，永不可读——1.17 秒把它贴到右耳边。画左焦外：修复师（约 28 岁东亚女性文物修复师，松松的低马尾，深灰呢外套敞着），安静地望着窗外。两只杯子放在窗台上，茶已经凉了，没有热气。主光：画右的 2700K 阅读灯；手机屏幕的冷光短暂地照在他的下巴与手指上；窗外的天刚刚开始从深蓝 #1A2D4A 变淡。现代夜间调色渐向黎明过渡：中性偏冷，暗部深蓝、绝不偏青，窗外刚刚变淡；细腻 35mm 颗粒，2.39:1，无任何文字。","readable phone screen, a name, numbers, brand logo, him smiling yet, her in focus, her watching him, steam from the cups, bright dawn, sun, glasses on his nose, phone at his left ear, ring, talking, camera shake, fast motion"
"S073","03:49:01","03:50:15","1.583","舍不得这人间","CHAR_GUARD PROP_PHONE LOC_WINDOW","Close-up, 100mm anamorphic, locked, eye level, in the museum bay window before dawn, 24 fps; almost nothing moves. GUARD (~65-year-old East Asian night attendant, square-round face, three forehead lines, gentle down-turned eyes with deep creases, pale-brown age spot on his RIGHT cheekbone, clean-shaven with the faintest grey stubble, short salt-and-pepper hair, the collar of his navy attendant jacket, the reading-glasses cord at his neck) holds an old phone in a worn navy flip case to his right ear, half hidden behind his jaw. His eyes are lowered to screen-left, waiting for an answer that has not come. At 0.78 s he holds his breath: the lips close, the nostrils still, a tiny swallow. Nothing else - this is the silence of the full-band stop. Light: the warm 2700K reading lamp from screen-right models his face at about 5:1, the far side falling into deep blue shadow that keeps detail; a few harbour lights as soft bokeh behind; no dawn visible yet. Real skin with pores, age spots and fine lines, no retouching. Faint halation on the bokeh only. Modern night grade: neutral-cool, deep-blue shadows never cyan, moon-silver highlights; fine 35mm grain, 2.39:1, no text.","近景，100mm 变形宽银幕镜头，锁定，平视，黎明前的博物馆窗湾，24 fps；几乎什么都不动。夜班工作人员（约 65 岁东亚男性，脸型方中带圆，额头三道横纹，眼角下垂、目光温和、纹路很深，右颧骨一块浅褐色老年斑，胡子刮得干净、只有极淡的灰白胡茬，花白短发，藏青值守夹克的领口，脖子上是老花镜的挂绳）把装在磨旧藏青翻盖套里的旧手机贴在右耳边，一半藏在下颌后面。他的目光垂向画左，在等一个还没有来的回答。0.78 秒，他屏住呼吸：嘴唇抿上，鼻翼不动，轻轻咽了一下。别的什么都没有——这是全乐队骤停的那片静默。光：画右的 2700K 暖色阅读灯以约 5:1 的光比塑出他的脸，另一侧沉入保留层次的深蓝阴影；身后几点港口灯化为柔和光斑；天还没有亮。真实的皮肤，有毛孔、老年斑与细纹，不做修饰。只有光斑周围有极淡的光晕。现代夜间调色：中性偏冷，暗部深蓝、绝不偏青，高光月光银；细腻 35mm 颗粒，2.39:1，无任何文字。","phone screen visible, text, smiling, talking, tears, eyes to camera, slow motion, camera move, beauty filter, smoothed skin, glasses on his face, ring, bright sky, flicker"
"S074","03:50:15","03:53:22","3.292","舍不得这人间","CHAR_RESTORER CHAR_GUARD PROP_GLOVES PROP_TEA PROP_PHONE PROP_COAT LOC_WINDOW","Medium close two-shot, 50mm anamorphic, locked with a very slow push, eye level, inside the museum bay window at about 05:40, 24 fps; the glass beside them beginning to pale from deep blue #1A2D4A. Screen-right, nearer the window: GUARD (~65-year-old East Asian night attendant, square-round face, gentle down-turned eyes, pale-brown age spot on his RIGHT cheekbone, salt-and-pepper hair, stooped, navy attendant jacket, reading glasses on a black cord) holds an old phone in a worn navy flip case to his right ear. Screen-left: RESTORER (~28-year-old East Asian conservator, soft oval face, tiny mole below her LEFT eye, loose low ponytail with more strands loose at the right temple, charcoal wool coat open), her folded warm-white gloves on the bench corner beside her. At 0.01 s someone answers - we hear nothing: his brows slowly ease, the corners of his mouth loosen, and he murmurs a few unreadable words. At 1.65 s she smiles quietly; at 2.45 s she turns her gaze out of the window, leaving the moment to him. Warm 2700K reading-lamp key, a faint cool pre-dawn fill from the window, harbour lights soft. Modern night grade easing toward dawn: neutral-cool, deep-blue shadows never cyan, the window just paling; fine 35mm grain, 2.39:1, no text.","中近景双人，50mm 变形宽银幕镜头，锁定并极缓慢推进，平视，约 05:40 的博物馆窗湾，24 fps；他们身旁的玻璃开始从深蓝 #1A2D4A 变淡。画右靠窗：夜班工作人员（约 65 岁东亚男性，脸型方中带圆，眼角下垂、目光温和，右颧骨浅褐色老年斑，花白短发，背微驼，藏青值守夹克，老花镜挂在黑色挂绳上）把装在磨旧藏青翻盖套里的旧手机贴在右耳边。画左：修复师（约 28 岁东亚女性文物修复师，鹅蛋脸，左眼下一颗极小的痣，松松的低马尾、右侧太阳穴的碎发比夜里多了些，深灰呢外套敞着），叠好的白手套放在她身旁长凳的角上。0.01 秒，电话那头有人接了——我们什么也听不见：他的眉眼慢慢舒展，嘴角松开，低声说了几句听不清、也读不出的话。1.65 秒她安静地微笑；2.45 秒她把目光移向窗外，把这一刻留给他。2700K 暖色阅读灯为主光，窗外黎明前一点淡淡的冷光作补光，港口灯虚焦。现代夜间调色渐向黎明过渡：中性偏冷，暗部深蓝、绝不偏青，窗外刚刚变淡；细腻 35mm 颗粒，2.39:1，无任何文字。","readable lips, visible phone screen, loud laughter, tears, hug, her leaning in to listen, her on screen-right, gloves on her hands, coat buttoned, steam from the cups, bright dawn, sun, slow-motion face, camera shake"
"S075","03:53:22","03:55:13","1.625","那时的你","CHAR_NAVIGATOR LOC_DECK","Medium close-up, 100mm anamorphic, locked, side-on at eye level, the stern-castle rail of a 17th-century ocean-going junk in the last minutes before dawn, 24 fps. NAVIGATOR (~35-year-old East Asian compass-keeper, long face, high cheekbones, slightly deep-set dark-brown eyes with sun creases, short neat beard and moustache, a pale old scar at the tail of his LEFT eyebrow, indigo head-cloth over a topknot with a few strands loose in the wind, faded indigo short jacket with a cross collar, no outer coat) stands in the left third of frame, at first facing screen-left toward home, his left profile and the scar toward us. On '你', at 1.08 s, he slowly turns his face to screen-right, where the first glimmer of day touches the horizon - blue-grey #5B6F8A with a thin peach line #EBB894 - and lights his cheek; the sea below is still deep blue. Wind moves the ends of the head-cloth. The only light is the sky at screen-right; no lantern on his face. Real weathered skin, salt on the rail. A short warm horizontal flare at the horizon is allowed. Navigator-era grade easing toward dawn: deep-blue sea, blue-grey sky with a thin peach line, never orange; fine 35mm grain, 2.39:1, no text.","中近景，100mm 变形宽银幕镜头，锁定，侧面平视，黎明前最后几分钟里一艘 17 世纪远洋帆船的艉楼船舷，24 fps。航海人（约 35 岁东亚火长，长脸、颧骨突出，眼窝略深的深褐色眼睛带着日晒细纹，短而整齐的胡须与上唇须，左眉尾一道浅白旧疤，靛蓝头巾裹着发髻、几缕碎发被风吹乱，褪色的靛蓝交领短褂，没有外衣）站在画面左三分之一，起初面朝画左——家的方向——左侧脸和那道疤对着我们。“你”字上，1.08 秒，他慢慢把脸转向画右：天边第一缕微光碰到海平线——蓝灰 #5B6F8A 上一线细细的晨光桃色 #EBB894——照亮了他的脸颊；下面的海仍是深蓝。风吹动头巾的尾端。唯一的光来自画右的天空；他脸上没有灯笼光。真实的风霜皮肤，船舷上有盐。允许海平线处有一道短而暖的水平光晕。航海时代调色渐向黎明过渡：深蓝的海，蓝灰的天上一线细细的桃色，绝不变橙；细腻 35mm 颗粒，2.39:1，无任何文字。","sun disc, orange sky, the outer coat on him, Qing queue, modern clothing, shore lights at screen-right, light from screen-left, tears, smile, slow-motion head turn, camera move, blue streak flare, fog"
"S076","03:55:13","03:57:02","1.542","那时的你","CHAR_MIGRANT PROP_CASE LOC_PIER","Medium close-up, 100mm anamorphic, locked, side-on at eye level, the white-painted steel rail of a 1920s-30s black-hulled passenger steamer at first light in a soft sea haze, 24 fps. MIGRANT (~20-year-old East Asian woman, round-square face, full cheeks, large bright wide-set eyes, straight thick brows, small mole above her RIGHT brow peak, slightly chapped lips, sun-pink cheekbones, thin fringe, one long braid down her back tied with black thread, faded grey-blue floral cotton blouse, a thin grey-blue cotton over-jacket around her shoulders) stands in the left third of frame in profile, facing screen-right; the handle of her rattan case is just visible at the lower right edge, by her right hand. Through the haze at screen-right, at 0.86 s, the low outline of a new coastline slowly appears on the horizon. Light from screen-right: the cool-warm boundary of first daylight, blue-grey #5B6F8A with a thin peach edge; her face keeps a living warmth. Wind lifts a few fringe hairs. Migrant-era grade toward dawn: faded-photograph softness, saturation -15%, creamy highlights, never sepia; fine 35mm grain, 2.39:1, no text.","中近景，100mm 变形宽银幕镜头，锁定，侧面平视，1920–30 年代一艘黑色船壳客轮的白漆钢栏杆边，清晨第一道光，海上薄雾，24 fps。迁徙女性（约 20 岁东亚女子，圆中带方的脸，颊肉饱满，大而亮、两眼距离略宽的眼睛，直而浓的眉，右眉峰上方一颗小痣，嘴唇略干微裂，颧骨有点日晒的红，稀薄的刘海，一条长辫垂到背中、辫梢用黑棉线扎紧，褪色灰蓝碎花棉布衫，肩上披着灰蓝薄棉外褂）站在画面左三分之一，侧脸朝向画右；藤箱的提手刚好在画右下边缘露出一点，就在她右手边。0.86 秒，画右薄雾里，一道新的海岸线低低的轮廓慢慢显出来。光从画右来：清晨第一道天光冷暖交界，蓝灰 #5B6F8A 带一线细细的桃色边；她的脸保留着活的暖。风吹起几根刘海。迁徙时代调色渐向黎明：褪色家庭照片般的柔和，饱和度 −15%，高光微奶油，绝不做棕褐；细腻 35mm 颗粒，2.39:1，无任何文字。","sepia, yellow wash, broad smile, tears, the case in her left hand, light from screen-left, sun disc, modern ship details, readable ship name or text, real shipping-line colours, crowd faces, slow motion, camera movement"
"S077","03:57:02","04:00:00","2.917","此刻的我","CHAR_RESTORER CHAR_GUARD PROP_TEA PROP_COAT LOC_WINDOW","Medium two-shot, 50mm anamorphic, very slow push, side-on at eye level, the museum bay window at first dawn, 24 fps. The window at screen-right is now the key light, cool about 6500K, sky #5B6F8A with a thin peach horizon line; a small 2700K corner reading lamp still glows. On the teak window bench, screen-right nearer the window: GUARD (~65-year-old East Asian night attendant, square-round face, gentle down-turned eyes, pale-brown age spot on his RIGHT cheekbone, salt-and-pepper hair, stooped, navy attendant jacket, reading glasses on a black cord). Screen-left: RESTORER (~28-year-old East Asian conservator, soft oval face, mole below her LEFT eye, loose low ponytail with more strands loose at the right temple, charcoal wool coat open). At 0.46 s he unscrews the scuffed navy cup-lid of his old dented dull-steel thermos; at 1.18 s he pours hot tea into her cup on the sill, then at 1.89 s into his own chipped cup - fresh steam rises, backlit against the dark window frame. She watches and says nothing. At 2.52 s both turn their faces to screen-right, out of the window, as the sky pales. Both cups are handle-less, pale bluish-white, with one cobalt line. Dawn grade: the light simply comes up, blue-grey toward soft peach, never orange; fine 35mm grain, 2.39:1, no text.","中景双人，50mm 变形宽银幕镜头，极缓慢推进，侧面平视，黎明初现时的博物馆窗湾，24 fps。画右的窗此刻成为主光，约 6500K 的冷光，天色 #5B6F8A，地平线一线细细的桃色；角落那盏 2700K 小阅读灯还亮着。柚木窗凳上，画右靠窗：夜班工作人员（约 65 岁东亚男性，脸型方中带圆，眼角下垂、目光温和，右颧骨浅褐色老年斑，花白短发，背微驼，藏青值守夹克，老花镜挂在黑色挂绳上）。画左：修复师（约 28 岁东亚女性文物修复师，鹅蛋脸，左眼下小痣，松松的低马尾、右侧太阳穴的碎发多了些，深灰呢外套敞着）。0.46 秒，他拧开身边那只磕瘪的旧哑光不锈钢保温壶的藏青壶盖；1.18 秒先把热茶续进窗台上她的杯子，1.89 秒再续进自己那只带磕口的杯子——新的热气升起来，逆光衬着暗色窗框。她看着，什么也没说。2.52 秒两人一起把脸转向画右的窗外，天色渐淡。两只杯子都是无柄青白釉，口沿下一道钴蓝细线。黎明调色：光自然地亮起来，由蓝灰走向柔和的桃色，绝不变橙；细腻 35mm 颗粒，2.39:1，无任何文字。","branded thermos, cups with handles, spilling, steam against bright sky, sun, orange sky, talking, laughing, her pouring, cups filled in the wrong order, him on screen-left, gloves on her hands, coat buttoned, camera shake"
"S078","04:00:00","04:02:01","2.042","都把未知","CHAR_FUTURE PROP_COAT LOC_GALLERY","Medium close-up, 75mm anamorphic, locked, a museum gallery of an unspecified future in the last minutes before dawn, 24 fps; lowest contrast, slightly high-key, silver-white with a trace of warmth, no sci-fi teal. We look at the thin clean glass of a vitrine holding a folded brownish-grey wool coat, soft beyond the glass. In the glass, forming at 0.36 s, is the reflection of FUTURE - a stranger of no clear age or gender, short soft dark hair, seamless pale warm-grey high-collared knit garment - seen in profile facing screen-right in the left third of frame, the face defocused and attenuated, never resolved: only the soft line of brow, nose and chin against the light. They look toward screen-right, where tall arched openings hold the same not-yet-dawn sky, blue-grey #5B6F8A with the faintest peach at the horizon - the only directional light, from screen-right. Nothing moves but breath. It is only a reflection; nobody real stands on our side of the glass. Almost no halation. Future grade: lowest contrast, slightly high-key silver-white with a trace of warmth, no sci-fi teal; very fine grain, 2.39:1, no text.","中近景，75mm 变形宽银幕镜头，锁定，一个不确定的未来里的博物馆展厅，黎明前最后几分钟，24 fps；反差最低、略高调，银白里带一丝暖，不用科幻青色。我们看着一只展柜薄而干净的玻璃，玻璃后虚焦的是一件叠好的偏褐灰呢外套。0.36 秒，玻璃里浮现未来观看者的倒影——一个看不出年龄与性别的陌生人，短而柔软的深色头发，浅暖灰无缝高领针织长衣——在画面左三分之一处侧脸朝向画右，脸处于焦外并被反射衰减，永远看不清：只有逆光里额、鼻、下巴柔和的轮廓线。他/她望向画右，那里高高的拱形开口里，是同样将亮未亮的天，蓝灰 #5B6F8A，地平线一丝极淡的桃色——这是唯一有方向的光，来自画右。除了呼吸，什么都不动。这只是倒影；玻璃靠我们这一侧没有任何真实的人。几乎没有光晕。未来调色：反差最低、略高调，银白里带一丝暖，不用科幻青色；极细颗粒，2.39:1，无任何文字。","sharp face, identifiable features, devices, sci-fi architecture, holograms, screens, text, a real person outside the reflection, strong reflection, ghost body in the room, sun, orange sky, teal, high contrast, camera movement"
"S079","04:02:01","04:06:01","4.000","叫作明天","CHAR_RESTORER CHAR_GUARD PROP_TEA PROP_COAT LOC_WINDOW","Wide shot, 32mm anamorphic, from behind two people at eye level, a slow dolly pull-back of about 0.8 m over 4 s, the museum's three-sided bay window at daybreak, 24 fps, deep focus. On the teak window bench, seen from behind as near-silhouettes that keep their shadow detail: at screen-left RESTORER (~28-year-old East Asian conservator, charcoal wool coat, loose low ponytail with strands escaping at the right temple) and at screen-right, nearer the south-east pane, GUARD (~65-year-old East Asian night attendant, stooped upper back, navy attendant jacket, salt-and-pepper hair, reading-glasses cord at his neck), about 40 cm apart and still. Two small cups on the sill before them with thin steam. Beyond the old wavy glass: the harbour mouth, a breakwater light, and three or four lamps still lit on the sea (#E2A458). The deep blue gives way to soft morning light: the sky #5B6F8A warms toward a thin peach horizon #EBB894 from 1.5 s; daylight of about 5000K comes from the south-east pane at screen-right while the north-east pane at screen-left stays darker. The sun stays below the horizon. As the camera draws back, white-painted window frames and the edges of the bay enter. Dawn grade: the light simply comes up, blue-grey toward soft peach, never orange; fine 35mm grain, 2.39:1, no text.","全景，32mm 变形宽银幕镜头，在两人身后平视，轨道车 4 秒内缓慢后拉约 0.8 米，拂晓时博物馆的三面窗湾，24 fps，深焦。柚木窗凳上，两人从背后看几乎是剪影，但暗部仍有层次：画左是修复师（约 28 岁东亚女性文物修复师，深灰呢外套，松松的低马尾、右侧太阳穴散出几缕碎发），画右靠东南窗是夜班工作人员（约 65 岁东亚男性，上背微驼，藏青值守夹克，花白短发，脖子上挂着老花镜的挂绳），相距约 40 厘米，一动不动。他们面前的窗台上两只小杯子，冒着细细的热气。老式波纹玻璃外：港口出海口，一盏防波堤灯，海面上还有三四盏没熄的灯（#E2A458）。深蓝渐渐变成柔和的晨光：1.5 秒起天色从 #5B6F8A 暖向一线细细的桃色地平线 #EBB894；约 5000K 的天光从画右的东南窗来，画左的东北窗仍较暗。太阳始终在地平线下。随着摄影机后拉，白漆窗框与窗湾的边缘进入画面。黎明调色：光自然地亮起来，由蓝灰走向柔和的桃色，绝不变橙；细腻 35mm 颗粒，2.39:1，无任何文字。","sun disc, orange sky, streak flares, the sea lamps switched off, figures moving or turning, faces visible, him on screen-left, crushed black silhouettes, fog, camera shake, unrealistic bird flocks, text"
"S080","04:06:01","04:09:07","3.250","叫作明天","LOC_HARBOR","Extreme wide shot, 40mm anamorphic, completely locked at 1.6 m on a harbour quay road looking east along the waterfront - the same camera as the film's harbour-across-eras frame - present day at dawn, 24 fps. Frame-left: the old customs house, now the museum - granite base, red brick partly lime-washed, a glazed upper arcaded verandah - and far along its upper floor at the east end, a bay window still holding one small warm light. At x 0.38 the gate with its granite threshold and iron edge strip (edge at frame height 0.66); the waiting spot before it at (0.38,0.70) stands empty. Frame-right: calm harbour water, a moored ferry, distant container cranes with tiny defocused warm obstruction lights, and three or four fishing lamps still lit on the sea (#E2A458). A few 4000K LED street lamps still on along the quay. The sun is below the horizon: only a thin peach line #EBB894 deep in frame right of centre, sky #5B6F8A. No flag on the bare flagpole. At 2.06 s a soft band of brighter skylight slides across the water and the quay and lights the empty waiting spot. No people. Dawn grade: the light simply comes up, blue-grey toward soft peach, never orange; fine 35mm grain, 2.39:1, no text.","大远景，40mm 变形宽银幕镜头，在码头路上 1.6 米高完全锁定，沿水岸向东看——与片中“港口时代更替”同一个机位——今天的黎明，24 fps。画左：旧海关大楼，如今是博物馆——花岗岩基座，红砖墙局部石灰抹面，二层封闭的拱券外廊——沿着它的二层一直到东端，那扇窗湾里还亮着一点小小的暖灯。画面 x 0.38 处是关口大门，花岗岩门槛外缘包着铁条（边线在画面高度 0.66）；门槛前那个等待者的位置 (0.38,0.70) 空着。画右：平静的港湾水面，一艘停泊的渡轮，远处集装箱起重机上极小、虚焦的暖色障碍灯，海面上三四盏渔灯还亮着（#E2A458）。码头沿线几盏 4000K LED 路灯还没关。太阳在海平线下：只有画面深处中偏右一线细细的桃色 #EBB894，天色 #5B6F8A。旗杆光秃秃的，没有旗。2.06 秒，一层更亮的天光柔和地掠过水面与码头，照亮那个空着的等待位置。没有人。黎明调色：光自然地亮起来，由蓝灰走向柔和的桃色，绝不变橙；细腻 35mm 颗粒，2.39:1，无任何文字。","sun disc, flags or banners, readable signs, logos on cranes or the ferry, real landmarks, people at the threshold, cars, traffic signals with text, morphing, camera movement, drone feel, oversaturated sunrise, sea lamps off, HDR look"
"S081","04:09:07","04:16:20","7.542","","CHAR_RESTORER CHAR_GUARD PROP_TEA LOC_WINDOW","Close-up, 75mm anamorphic, locked on a tripod with no digital push, at sill height about 30 degrees to the glass, the museum bay window in early morning, 24 fps (steam may be captured at 48 fps). Two handle-less porcelain cups, pale bluish-white glaze, each ringed by one thin complete cobalt line 6 mm below the rim, stand on a deep white-painted sill about 6 cm apart: his, with a tiny chip at 2 o'clock on the rim, at screen-right nearer the window; hers, new, at screen-left. Freshly poured jasmine tea, an unfurled leaf in each. Slow steam rises, backlit by window light against a dark window muntin and the still-dim north-east pane. At screen-right the south-east pane glows with soft 4300K morning light, peach to cream. In the old wavy glass at screen-left, through which the dawn harbour and three or four still-lit lamps on the sea show, float the soft reflections of two people sitting side by side - the stooped night attendant at right, the young conservator with a low ponytail at left, faces unresolved. At 3.26 s, with the final chord, a ray of morning light slips into the steam. Then only the steam moves, to the end. Dawn grade: the light simply comes up, blue-grey toward soft peach, never orange; fine 35mm grain, 2.39:1, no text.","近景，75mm 变形宽银幕镜头，三脚架完全锁定，不做任何数字推进，窗台高度、与窗玻璃约成 30°，清晨的博物馆窗湾，24 fps（热气可用 48 fps 拍摄）。两只无柄瓷茶杯，青白釉，杯口下 6 毫米各一道完整的钴蓝细线，并排放在深深的白漆木窗台上，相距约 6 厘米：他那只口沿 2 点钟位置有个小磕口，在画右、靠窗；她那只是新的，在画左。刚续上的茉莉花茶，各漂着一片舒展的茶叶。热气缓缓升起，被窗光逆光照亮，衬着一根暗色窗棂与仍然发暗的东北窗。画右的东南窗亮着柔和的晨光，约 4300K，由桃色到奶白。画左那块老式波纹玻璃里，透出黎明的港口和海面上三四盏还没熄的灯，也浮着并肩而坐的两个人柔和的倒影——背微驼的夜班工作人员在右、低马尾的年轻修复师在左，脸看不清。3.26 秒，随着最后一个和弦，一缕晨光溜进热气里。此后除了热气，什么都不动，一直到最后。黎明调色：光自然地亮起来，由蓝灰走向柔和的桃色，绝不变橙；细腻 35mm 颗粒，2.39:1，无任何文字。","camera movement, zoom, digital push, flicker, steam against bright sky, thick steam or smoke, cups with handles, logos, text, extra cups, cups touching, a chip on her cup, hands in frame, sun disc, orange wash, warm share over 50%, sea lamps off, sharp faces in the reflection, fade to black before the end, running condensation"
